topic,study,label_abs,part,label_ft
CD012661,46445,0,0,0
CD012661,398679,0,0,0
CD012661,449707,0,0,0
CD012661,453913,0,0,0
CD012661,488548,0,0,0
CD012661,495277,0,0,0
CD012661,599808,0,0,0
CD012661,870675,0,0,0
CD012661,890773,0,0,0
CD012661,905246,0,0,0
CD012661,918960,0,0,0
CD012661,970012,0,0,0
CD012661,976210,0,0,0
CD012661,1138583,0,0,0
CD012661,1167615,0,0,0
CD012661,1247351,0,0,0
CD012661,1278607,0,0,0
CD012661,1351186,0,0,0
CD012661,1357346,0,0,0
CD012661,1395468,0,0,0
CD012661,1409041,0,0,0
CD012661,1413821,0,0,0
CD012661,1462970,0,0,0
CD012661,1490690,0,0,0
CD012661,1511568,0,0,0
CD012661,1546925,0,0,0
CD012661,1551494,0,0,0
CD012661,1563585,0,0,0
CD012661,1612064,0,0,0
CD012661,1612192,0,0,0
CD012661,1612226,1,0,0
CD012661,1670120,0,0,0
CD012661,1733810,0,0,0
CD012661,1778354,0,0,0
CD012661,1797511,0,0,0
CD012661,1971659,0,0,0
CD012661,2006643,0,0,0
CD012661,2022175,0,0,0
CD012661,2060450,0,0,0
CD012661,2065854,0,0,0
CD012661,2109332,0,0,0
CD012661,2140083,0,0,0
CD012661,2164381,0,0,0
CD012661,2187663,0,0,0
CD012661,2190768,0,0,0
CD012661,2190772,0,0,0
CD012661,2191882,0,0,0
CD012661,2198151,0,0,0
CD012661,2209300,0,0,0
CD012661,2209328,0,0,0
CD012661,2210123,0,0,0
CD012661,2261860,0,0,0
CD012661,2284483,0,0,0
CD012661,2291266,0,0,0
CD012661,2293753,0,0,0
CD012661,2338751,0,0,0
CD012661,2362883,0,0,0
CD012661,2378038,0,0,0
CD012661,2502462,0,0,0
CD012661,2519348,0,0,0
CD012661,2611574,0,0,0
CD012661,2612718,0,0,0
CD012661,2642771,0,0,0
CD012661,2666216,0,0,0
CD012661,2668085,0,0,0
CD012661,2668086,0,0,0
CD012661,2752891,1,0,1
CD012661,2778035,0,0,0
CD012661,2921572,0,0,0
CD012661,2951192,0,0,0
CD012661,3127094,0,0,0
CD012661,3147006,0,0,0
CD012661,3184351,0,0,0
CD012661,3299355,0,0,0
CD012661,3311781,0,0,0
CD012661,3316560,0,0,0
CD012661,3346774,0,0,0
CD012661,3391093,0,0,0
CD012661,3397760,0,0,0
CD012661,3527626,1,0,1
CD012661,3542644,1,0,1
CD012661,3568964,0,0,0
CD012661,3612204,0,0,0
CD012661,3623041,0,0,0
CD012661,3678659,1,0,0
CD012661,3687312,0,0,0
CD012661,3723520,0,0,0
CD012661,3813976,0,0,0
CD012661,3912201,0,0,0
CD012661,4075946,0,0,0
CD012661,5145974,0,0,0
CD012661,5476778,0,0,0
CD012661,5950497,0,0,0
CD012661,6242817,0,0,0
CD012661,6332754,0,0,0
CD012661,6340092,0,0,0
CD012661,6351687,0,0,0
CD012661,6370765,0,0,0
CD012661,6383919,0,0,0
CD012661,6391444,0,0,0
CD012661,6393674,0,0,0
CD012661,6665540,0,0,0
CD012661,6669752,0,0,0
CD012661,6706044,1,0,1
CD012661,6711545,0,0,0
CD012661,6858543,0,0,0
CD012661,6963092,0,0,0
CD012661,7001764,0,0,0
CD012661,7060853,1,0,0
CD012661,7314628,0,0,0
CD012661,7380107,0,0,0
CD012661,7523048,0,0,0
CD012661,7528526,0,0,0
CD012661,7536202,0,0,0
CD012661,7548977,0,0,0
CD012661,7555499,0,0,0
CD012661,7568143,0,0,0
CD012661,7575335,0,0,0
CD012661,7580637,0,0,0
CD012661,7671360,0,0,0
CD012661,7690637,0,0,0
CD012661,7695463,0,0,0
CD012661,7730863,0,0,0
CD012661,7730874,0,0,0
CD012661,7744233,0,0,0
CD012661,7772705,0,0,0
CD012661,7790688,0,0,0
CD012661,7821148,0,0,0
CD012661,7826117,0,0,0
CD012661,7840859,0,0,0
CD012661,7846894,0,0,0
CD012661,7859632,1,0,1
CD012661,7863144,0,0,0
CD012661,7867184,0,0,0
CD012661,7888042,0,0,0
CD012661,7949225,0,0,0
CD012661,7979844,0,0,0
CD012661,8013746,0,0,0
CD012661,8019217,0,0,0
CD012661,8033527,0,0,0
CD012661,8138060,0,0,0
CD012661,8150236,0,0,0
CD012661,8173426,0,0,0
CD012661,8174838,0,0,0
CD012661,8194667,0,0,0
CD012661,8243847,0,0,0
CD012661,8243885,0,0,0
CD012661,8293864,0,0,0
CD012661,8299434,0,0,0
CD012661,8314411,0,0,0
CD012661,8314414,1,0,1
CD012661,8335178,1,0,1
CD012661,8349041,0,0,0
CD012661,8355109,0,0,0
CD012661,8359095,1,0,0
CD012661,8359105,0,0,0
CD012661,8365087,0,0,0
CD012661,8401124,0,0,0
CD012661,8405747,0,0,0
CD012661,8422831,0,0,0
CD012661,8456415,0,0,0
CD012661,8459121,0,0,0
CD012661,8472629,0,0,0
CD012661,8481551,0,0,0
CD012661,8482427,1,0,1
CD012661,8497362,0,0,0
CD012661,8529505,0,0,0
CD012661,8549855,0,0,0
CD012661,8554204,0,0,0
CD012661,8574273,0,0,0
CD012661,8576794,0,0,0
CD012661,8591714,0,0,0
CD012661,8606636,0,0,0
CD012661,8610702,0,0,0
CD012661,8629649,0,0,0
CD012661,8674882,0,0,0
CD012661,8675688,0,0,0
CD012661,8689856,0,0,0
CD012661,8720604,0,0,0
CD012661,8720611,1,0,1
CD012661,8766944,0,0,0
CD012661,8772721,0,0,0
CD012661,8772724,0,0,0
CD012661,8790124,0,0,0
CD012661,8792104,1,0,0
CD012661,8824714,0,0,0
CD012661,8826962,0,0,0
CD012661,8858379,0,0,0
CD012661,8864635,0,0,0
CD012661,8865740,0,0,0
CD012661,8865895,0,0,0
CD012661,8867526,0,0,0
CD012661,8873954,0,0,0
CD012661,8894487,0,0,0
CD012661,8896991,0,0,0
CD012661,8908376,0,0,0
CD012661,8914425,0,0,0
CD012661,8914426,0,0,0
CD012661,8914431,0,0,0
CD012661,8922541,1,0,1
CD012661,8949977,0,0,0
CD012661,8965046,0,0,0
CD012661,9006305,0,0,0
CD012661,9017035,0,0,0
CD012661,9033969,0,0,0
CD012661,9084966,0,0,0
CD012661,9088852,0,0,0
CD012661,9096976,0,0,0
CD012661,9101390,0,0,0
CD012661,9115576,0,0,0
CD012661,9118770,0,0,0
CD012661,9118771,0,0,0
CD012661,9130838,0,0,0
CD012661,9141866,0,0,0
CD012661,9174895,0,0,0
CD012661,9179466,0,0,0
CD012661,9203444,1,0,1
CD012661,9209957,0,0,0
CD012661,9222648,0,0,0
CD012661,9222652,1,0,0
CD012661,9223396,0,0,0
CD012661,9230153,0,0,0
CD012661,9247358,0,0,0
CD012661,9248722,0,0,0
CD012661,9272608,0,0,0
CD012661,9274899,0,0,0
CD012661,9283796,0,0,0
CD012661,9295898,0,0,0
CD012661,9322802,0,0,0
CD012661,9342546,0,0,0
CD012661,9381545,0,0,0
CD012661,9388398,0,0,0
CD012661,9404353,0,0,0
CD012661,9407418,0,0,0
CD012661,9429194,0,0,0
CD012661,9432808,0,0,0
CD012661,9440398,1,0,0
CD012661,9451409,0,0,0
CD012661,9467128,0,0,0
CD012661,9480616,0,0,0
CD012661,9509271,0,0,0
CD012661,9538973,0,0,0
CD012661,9538988,0,0,0
CD012661,9539989,0,0,0
CD012661,9540015,0,0,0
CD012661,9540025,0,0,0
CD012661,9541507,0,0,0
CD012661,9542768,0,0,0
CD012661,9546971,0,0,0
CD012661,9554349,0,0,0
CD012661,9583459,0,0,0
CD012661,9585395,0,0,0
CD012661,9585400,0,0,0
CD012661,9597377,0,0,0
CD012661,9614607,0,0,0
CD012661,9629328,0,0,0
CD012661,9660382,0,0,0
CD012661,9684785,0,0,0
CD012661,9686697,0,0,0
CD012661,9700342,0,0,0
CD012661,9715376,0,0,0
CD012661,9725268,0,0,0
CD012661,9726589,0,0,0
CD012661,9740494,0,0,0
CD012661,9740496,0,0,0
CD012661,9740503,0,0,0
CD012661,9754818,0,0,0
CD012661,9794177,0,0,0
CD012661,9797495,0,0,0
CD012661,9802738,0,0,0
CD012661,9839101,0,0,0
CD012661,9860001,0,0,0
CD012661,9862731,0,0,0
CD012661,9926122,0,0,0
CD012661,9932217,0,0,0
CD012661,10024191,0,0,0
CD012661,10025294,0,0,0
CD012661,10027581,0,0,0
CD012661,10064097,0,0,0
CD012661,10064104,0,0,0
CD012661,10097917,1,0,1
CD012661,10102706,0,0,0
CD012661,10178626,0,0,0
CD012661,10218345,0,0,0
CD012661,10227566,0,0,0
CD012661,10229311,0,0,0
CD012661,10331821,0,0,0
CD012661,10332675,0,0,0
CD012661,10333954,0,0,0
CD012661,10362459,0,0,0
CD012661,10372242,0,0,0
CD012661,10384157,0,0,0
CD012661,10389843,0,0,0
CD012661,10414932,1,0,0
CD012661,10426379,0,0,0
CD012661,10463416,0,0,0
CD012661,10491414,0,0,0
CD012661,10491762,0,0,0
CD012661,10523730,0,0,0
CD012661,10526743,0,0,0
CD012661,10530607,0,0,0
CD012661,10546011,0,0,0
CD012661,10550412,0,0,0
CD012661,10580419,0,0,0
CD012661,10585620,0,0,0
CD012661,10633877,0,0,0
CD012661,10652036,0,0,0
CD012661,10653338,0,0,0
CD012661,10660222,0,0,0
CD012661,10670906,0,0,0
CD012661,10714434,0,0,0
CD012661,10736103,0,0,0
CD012661,10751750,0,0,0
CD012661,10753043,0,0,0
CD012661,10758453,0,0,0
CD012661,10781513,0,0,0
CD012661,10799373,0,0,0
CD012661,10826515,0,0,0
CD012661,10829822,0,0,0
CD012661,10842650,0,0,0
CD012661,10857937,0,0,0
CD012661,10863694,0,0,0
CD012661,10868659,0,0,0
CD012661,10889794,0,0,0
CD012661,10895841,0,0,0
CD012661,10901625,0,0,0
CD012661,10937506,0,0,0
CD012661,10938048,0,0,0
CD012661,10960726,0,0,0
CD012661,10964123,0,0,0
CD012661,10977014,0,0,0
CD012661,10977015,1,0,0
CD012661,10977024,0,0,0
CD012661,10999793,1,0,0
CD012661,11025558,0,0,0
CD012661,11043858,0,0,0
CD012661,11053695,0,0,0
CD012661,11079739,1,0,1
CD012661,11092294,0,0,0
CD012661,11110506,0,0,0
CD012661,11112241,0,0,0
CD012661,11115802,0,0,0
CD012661,11128350,1,0,0
CD012661,11131103,0,0,0
CD012661,11134089,0,0,0
CD012661,11135322,0,0,0
CD012661,11136630,0,0,0
CD012661,11141143,1,0,1
CD012661,11168325,0,0,0
CD012661,11168329,0,0,0
CD012661,11213872,0,0,0
CD012661,11221998,0,0,0
CD012661,11290812,0,0,0
CD012661,11302298,0,0,0
CD012661,11311967,0,0,0
CD012661,11317661,0,0,0
CD012661,11318846,0,0,0
CD012661,11328915,0,0,0
CD012661,11334676,0,0,0
CD012661,11347753,0,0,0
CD012661,11375366,0,0,0
CD012661,11376315,0,0,0
CD012661,11398599,0,0,0
CD012661,11422754,0,0,0
CD012661,11435458,0,0,0
CD012661,11440092,0,0,0
CD012661,11452210,0,0,0
CD012661,11460597,0,0,0
CD012661,11466246,0,0,0
CD012661,11475232,0,0,0
CD012661,11487743,0,0,0
CD012661,11494277,0,0,0
CD012661,11508265,0,0,0
CD012661,11509114,0,0,0
CD012661,11522503,0,0,0
CD012661,11547223,0,0,0
CD012661,11573557,0,0,0
CD012661,11576521,0,0,0
CD012661,11584692,0,0,0
CD012661,11596662,0,0,0
CD012661,11679457,0,0,0
CD012661,11679458,0,0,0
CD012661,11681495,0,0,0
CD012661,11703616,0,0,0
CD012661,11706115,0,0,0
CD012661,11711321,0,0,0
CD012661,11711325,0,0,0
CD012661,11723071,0,0,0
CD012661,11726827,0,0,0
CD012661,11756346,0,0,0
CD012661,11797389,0,0,0
CD012661,11806485,0,0,0
CD012661,11845225,0,0,0
CD012661,11845229,0,0,0
CD012661,11856771,0,0,0
CD012661,11860534,0,0,0
CD012661,11872683,0,0,0
CD012661,11874410,0,0,0
CD012661,11874428,0,0,0
CD012661,11874429,0,0,0
CD012661,11912611,0,0,0
CD012661,11914326,0,0,0
CD012661,11916954,1,0,1
CD012661,11922206,0,0,0
CD012661,11928589,0,0,0
CD012661,11930474,0,0,0
CD012661,11934216,0,0,0
CD012661,11957277,0,0,0
CD012661,11965831,0,0,0
CD012661,11975774,0,0,0
CD012661,11978659,0,0,0
CD012661,11978687,0,0,0
CD012661,11979015,0,0,0
CD012661,11979016,0,0,0
CD012661,11979040,0,0,0
CD012661,11987015,0,0,0
CD012661,12015193,0,0,0
CD012661,12021144,0,0,0
CD012661,12037728,0,0,0
CD012661,12039992,0,0,0
CD012661,12059096,0,0,0
CD012661,12087012,0,0,0
CD012661,12088772,0,0,0
CD012661,12099962,0,0,0
CD012661,12113703,0,0,0
CD012661,12132517,1,0,0
CD012661,12145224,0,0,0
CD012661,12145232,0,0,0
CD012661,12166606,0,0,0
CD012661,12194701,0,0,0
CD012661,12197816,0,0,0
CD012661,12207806,0,0,0
CD012661,12207815,0,0,0
CD012661,12266611,0,0,0
CD012661,12351454,0,0,0
CD012661,12355867,0,0,0
CD012661,12364347,0,0,0
CD012661,12393098,0,0,0
CD012661,12397043,0,0,0
CD012661,12408410,0,0,0
CD012661,12422985,0,0,0
CD012661,12442058,0,0,0
CD012661,12477619,0,0,0
CD012661,12481676,0,0,0
CD012661,12488955,0,0,0
CD012661,12502671,0,0,0
CD012661,12502674,0,0,0
CD012661,12517320,0,0,0
CD012661,12525727,0,0,0
CD012661,12530768,0,0,0
CD012661,12588087,0,0,0
CD012661,12610027,0,0,0
CD012661,12610031,0,0,0
CD012661,12610042,0,0,0
CD012661,12610051,0,0,0
CD012661,12629452,0,0,0
CD012661,12663582,0,0,0
CD012661,12663587,0,0,0
CD012661,12672682,0,0,0
CD012661,12674804,0,0,0
CD012661,12674825,0,0,0
CD012661,12675642,0,0,0
CD012661,12679462,0,0,0
CD012661,12684750,0,0,0
CD012661,12702001,0,0,0
CD012661,12716818,0,0,0
CD012661,12717272,0,0,0
CD012661,12750235,0,0,0
CD012661,12752485,0,0,0
CD012661,12762954,0,0,0
CD012661,12766115,0,0,0
CD012661,12788873,0,0,0
CD012661,12795774,0,0,0
CD012661,12831633,0,0,0
CD012661,12832300,0,0,0
CD012661,12832328,0,0,0
CD012661,12882861,0,0,0
CD012661,12883468,0,0,0
CD012661,12897094,0,0,0
CD012661,12940396,0,0,0
CD012661,12954150,0,0,0
CD012661,12954152,0,0,0
CD012661,12957323,0,0,0
CD012661,12958039,0,0,0
CD012661,12965880,0,0,0
CD012661,12966130,0,0,0
CD012661,13130255,0,0,0
CD012661,13599712,0,0,0
CD012661,13879822,0,0,0
CD012661,13969369,0,0,0
CD012661,14358757,0,0,0
CD012661,14498994,0,0,0
CD012661,14502096,0,0,0
CD012661,14514576,0,0,0
CD012661,14514600,0,0,0
CD012661,14517163,1,0,0
CD012661,14521667,0,0,0
CD012661,14532941,0,0,0
CD012661,14557362,0,0,0
CD012661,14561575,0,0,0
CD012661,14577312,0,0,0
CD012661,14578234,1,0,1
CD012661,14578254,1,0,1
CD012661,14583341,0,0,0
CD012661,14593236,0,0,0
CD012661,14605243,0,0,0
CD012661,14632705,1,0,0
CD012661,14633818,0,0,0
CD012661,14633845,0,0,0
CD012661,14648805,0,0,0
CD012661,14677330,0,0,0
CD012661,14678859,0,0,0
CD012661,14681836,0,0,0
CD012661,14692198,0,0,0
CD012661,14693990,0,0,0
CD012661,14695867,0,0,0
CD012661,14704873,0,0,0
CD012661,14706052,0,0,0
CD012661,14747236,0,0,0
CD012661,14921019,0,0,0
CD012661,15006824,0,0,0
CD012661,15028363,0,0,0
CD012661,15029095,0,0,0
CD012661,15030523,0,0,0
CD012661,15031770,0,0,0
CD012661,15035831,0,0,0
CD012661,15036228,0,0,0
CD012661,15040650,0,0,0
CD012661,15047648,0,0,0
CD012661,15049930,0,0,0
CD012661,15059368,0,0,0
CD012661,15063602,0,0,0
CD012661,15083362,0,0,0
CD012661,15110052,0,0,0
CD012661,15147610,0,0,0
CD012661,15153457,0,0,0
CD012661,15161760,1,0,1
CD012661,15161772,0,0,0
CD012661,15161795,0,0,0
CD012661,15161801,1,0,0
CD012661,15171690,0,0,0
CD012661,15178515,0,0,0
CD012661,15192241,0,0,0
CD012661,15198961,0,0,0
CD012661,15200455,0,0,0
CD012661,15207840,0,0,0
CD012661,15209755,0,0,0
CD012661,15209766,0,0,0
CD012661,15213850,0,0,0
CD012661,15220254,1,0,0
CD012661,15226212,0,0,0
CD012661,15227557,0,0,0
CD012661,15238621,0,0,0
CD012661,15245369,0,0,0
CD012661,15249512,0,0,0
CD012661,15251479,0,0,0
CD012661,15277391,1,0,1
CD012661,15277412,0,0,0
CD012661,15278279,0,0,0
CD012661,15298360,0,0,0
CD012661,15309291,0,0,0
CD012661,15311293,0,0,0
CD012661,15317926,0,0,0
CD012661,15343584,0,0,0
CD012661,15355547,0,0,0
CD012661,15356014,0,0,0
CD012661,15380800,0,0,0
CD012661,15381515,0,0,0
CD012661,15451899,0,0,0
CD012661,15451915,0,0,0
CD012661,15455705,0,0,0
CD012661,15488165,0,0,0
CD012661,15502644,0,0,0
CD012661,15504969,0,0,0
CD012661,15505121,0,0,0
CD012661,15517379,0,0,0
CD012661,15517942,0,0,0
CD012661,15524407,0,0,0
CD012661,15533586,1,0,1
CD012661,15536608,0,0,0
CD012661,15540535,0,0,0
CD012661,15541834,0,0,0
CD012661,15547649,0,0,0
CD012661,15562143,0,0,0
CD012661,15571827,0,0,0
CD012661,15596162,0,0,0
CD012661,15606690,0,0,0
CD012661,15610327,1,0,0
CD012661,15616025,1,0,1
CD012661,15616232,0,0,0
CD012661,15626569,0,0,0
CD012661,15628590,0,0,0
CD012661,15631772,0,0,0
CD012661,15642920,0,0,0
CD012661,15645206,0,0,0
CD012661,15647718,0,0,0
CD012661,15662553,0,0,0
CD012661,15662593,0,0,0
CD012661,15669573,0,0,0
CD012661,15669574,0,0,0
CD012661,15669880,0,0,0
CD012661,15690312,0,0,0
CD012661,15715112,0,0,0
CD012661,15727753,1,0,0
CD012661,15735206,0,0,0
CD012661,15745726,0,0,0
CD012661,15750886,0,0,0
CD012661,15759107,0,0,0
CD012661,15784783,0,0,0
CD012661,15792256,0,0,0
CD012661,15799213,0,0,0
CD012661,15800018,0,0,0
CD012661,15821418,0,0,0
CD012661,15824155,0,0,0
CD012661,15829408,0,0,0
CD012661,15841145,0,0,0
CD012661,15851636,0,0,0
CD012661,15887394,0,0,0
CD012661,15889115,0,0,0
CD012661,15897531,0,0,0
CD012661,15910698,0,0,0
CD012661,15925371,0,0,0
CD012661,15926114,0,0,0
CD012661,15949153,0,0,0
CD012661,15950575,0,0,0
CD012661,15951046,0,0,0
CD012661,15955469,0,0,0
CD012661,15975095,0,0,0
CD012661,15977101,0,0,0
CD012661,15983261,0,0,0
CD012661,15983331,1,0,1
CD012661,15983335,1,0,0
CD012661,16004665,0,0,0
CD012661,16004680,0,0,0
CD012661,16005369,0,0,0
CD012661,16035266,0,0,0
CD012661,16041966,0,0,0
CD012661,16043679,0,0,0
CD012661,16043742,0,0,0
CD012661,16043747,1,0,1
CD012661,16043963,0,0,0
CD012661,16046295,0,0,0
CD012661,16080969,0,0,0
CD012661,16085165,0,0,0
CD012661,16100444,1,0,1
CD012661,16108855,0,0,0
CD012661,16108859,1,0,0
CD012661,16115481,0,0,0
CD012661,16139131,0,0,0
CD012661,16178980,0,0,0
CD012661,16182645,0,0,0
CD012661,16186268,0,0,0
CD012661,16186276,0,0,0
CD012661,16186286,0,0,0
CD012661,16186290,0,0,0
CD012661,16202666,0,0,0
CD012661,16207824,0,0,0
CD012661,16211374,0,0,0
CD012661,16214448,0,0,0
CD012661,16222068,0,0,0
CD012661,16224937,0,0,0
CD012661,16229911,0,0,0
CD012661,16231019,0,0,0
CD012661,16241914,0,0,0
CD012661,16241923,0,0,0
CD012661,16248830,0,0,0
CD012661,16249487,0,0,0
CD012661,16249552,0,0,0
CD012661,16253596,0,0,0
CD012661,16259477,0,0,0
CD012661,16259490,0,0,0
CD012661,16266359,0,0,0
CD012661,16279366,0,0,0
CD012661,16280338,0,0,0
CD012661,16297840,0,0,0
CD012661,16305067,0,0,0
CD012661,16306328,0,0,0
CD012661,16308190,0,0,0
CD012661,16311494,0,0,0
CD012661,16315759,0,0,0
CD012661,16316699,0,0,0
CD012661,16319262,0,0,0
CD012661,16322394,0,0,0
CD012661,16324931,0,0,0
CD012661,16340019,0,0,0
CD012661,16344402,1,0,1
CD012661,16358956,0,0,0
CD012661,16362279,0,0,0
CD012661,16368297,0,0,0
CD012661,16379015,0,0,0
CD012661,16398897,0,0,0
CD012661,16401818,0,0,0
CD012661,16404554,0,0,0
CD012661,16422126,0,0,0
CD012661,16423163,0,0,0
CD012661,16437030,0,0,0
CD012661,16441711,0,0,0
CD012661,16443886,0,0,0
CD012661,16443889,0,0,0
CD012661,16448668,0,0,0
CD012661,16449393,0,0,0
CD012661,16462713,0,0,0
CD012661,16476109,0,0,0
CD012661,16477224,0,0,0
CD012661,16477538,0,0,0
CD012661,16504835,0,0,0
CD012661,16505511,0,0,0
CD012661,16510610,0,0,0
CD012661,16519037,0,0,0
CD012661,16521811,0,0,0
CD012661,16528977,0,0,0
CD012661,16538527,0,0,0
CD012661,16546472,0,0,0
CD012661,16546479,1,0,1
CD012661,16549165,0,0,0
CD012661,16567609,0,0,0
CD012661,16570164,0,0,0
CD012661,16580235,0,0,0
CD012661,16600415,1,0,1
CD012661,16606452,0,0,0
CD012661,16614119,0,0,0
CD012661,16614815,0,0,0
CD012661,16623355,0,0,0
CD012661,16627374,0,0,0
CD012661,16638699,0,0,0
CD012661,16670260,0,0,0
CD012661,16699299,0,0,0
CD012661,16709323,0,0,0
CD012661,16716014,0,0,0
CD012661,16716444,1,0,0
CD012661,16732011,0,0,0
CD012661,16759309,0,0,0
CD012661,16763536,0,0,0
CD012661,16772710,0,0,0
CD012661,16773407,0,0,0
CD012661,16785612,0,0,0
CD012661,16789601,0,0,0
CD012661,16799212,0,0,0
CD012661,16801588,1,0,1
CD012661,16805963,0,0,0
CD012661,16813714,0,0,0
CD012661,16829706,0,0,0
CD012661,16842479,0,0,0
CD012661,16843178,0,0,0
CD012661,16849879,0,0,0
CD012661,16871645,0,0,0
CD012661,16873800,0,0,0
CD012661,16887440,0,0,0
CD012661,16893555,0,0,0
CD012661,16907968,0,0,0
CD012661,16910310,0,0,0
CD012661,16911007,0,0,0
CD012661,16914071,0,0,0
CD012661,16915541,0,0,0
CD012661,16918588,0,0,0
CD012661,16924795,0,0,0
CD012661,16927065,0,0,0
CD012661,16930708,0,0,0
CD012661,16932564,0,0,0
CD012661,16939559,0,0,0
CD012661,16939874,0,0,0
CD012661,16943263,0,0,0
CD012661,16967066,0,0,0
CD012661,16969904,0,0,0
CD012661,16980069,0,0,0
CD012661,16983057,0,0,0
CD012661,16987712,0,0,0
CD012661,16990663,0,0,0
CD012661,16995585,0,0,0
CD012661,16997049,0,0,0
CD012661,17000629,0,0,0
CD012661,17027817,0,0,0
CD012661,17032347,1,0,1
CD012661,17043949,0,0,0
CD012661,17049661,1,0,0
CD012661,17054445,0,0,0
CD012661,17054598,0,0,0
CD012661,17067826,0,0,0
CD012661,17086880,0,0,0
CD012661,17090607,0,0,0
CD012661,17090980,0,0,0
CD012661,17092598,1,0,0
CD012661,17095908,0,0,0
CD012661,17096117,0,0,0
CD012661,17107224,0,0,0
CD012661,17110899,0,0,0
CD012661,17130259,0,0,0
CD012661,17130504,0,0,0
CD012661,17130582,0,0,0
CD012661,17139579,0,0,0
CD012661,17141350,0,0,0
CD012661,17146192,0,0,0
CD012661,17156827,0,0,0
CD012661,17161046,0,0,0
CD012661,17161774,0,0,0
CD012661,17170019,0,0,0
CD012661,17171321,0,0,0
CD012661,17174641,0,0,0
CD012661,17178168,0,0,0
CD012661,17188609,0,0,0
CD012661,17198559,0,0,0
CD012661,17199715,0,0,0
CD012661,17209802,0,0,0
CD012661,17218737,0,0,0
CD012661,17224875,0,0,0
CD012661,17237742,0,0,0
CD012661,17257284,1,0,1
CD012661,17259502,0,0,0
CD012661,17259507,0,0,0
CD012661,17261860,0,0,0
CD012661,17278097,0,0,0
CD012661,17286757,0,0,0
CD012661,17290204,0,0,0
CD012661,17294575,0,0,0
CD012661,17304319,0,0,0
CD012661,17305787,0,0,0
CD012661,17306411,0,0,0
CD012661,17309402,1,0,1
CD012661,17311340,0,0,0
CD012661,17318407,0,0,0
CD012661,17320517,0,0,0
CD012661,17330977,0,0,0
CD012661,17331382,0,0,0
CD012661,17345061,0,0,0
CD012661,17346846,0,0,0
CD012661,17353570,0,0,0
CD012661,17354257,0,0,0
CD012661,17374101,0,0,0
CD012661,17378723,0,0,0
CD012661,17380302,0,0,0
CD012661,17380316,0,0,0
CD012661,17383293,0,0,0
CD012661,17383593,1,0,0
CD012661,17387235,0,0,0
CD012661,17397026,0,0,0
CD012661,17402877,0,0,0
CD012661,17415549,0,0,0
CD012661,17425061,0,0,0
CD012661,17426321,0,0,0
CD012661,17427112,0,0,0
CD012661,17430790,0,0,0
CD012661,17436822,0,0,0
CD012661,17447655,0,0,0
CD012661,17455274,0,0,0
CD012661,17456840,0,0,0
CD012661,17460368,0,0,0
CD012661,17468342,0,0,0
CD012661,17476010,0,0,0
CD012661,17491654,0,0,0
CD012661,17499541,0,0,0
CD012661,17509070,0,0,0
CD012661,17521324,0,0,0
CD012661,17526864,0,0,0
CD012661,17530558,0,0,0
CD012661,17532085,0,0,0
CD012661,17535497,0,0,0
CD012661,17536076,1,0,1
CD012661,17540954,0,0,0
CD012661,17548955,0,0,0
CD012661,17560580,0,0,0
CD012661,17566096,0,0,0
CD012661,17576864,0,0,0
CD012661,17579827,0,0,0
CD012661,17586745,0,0,0
CD012661,17593241,0,0,0
CD012661,17601359,0,0,0
CD012661,17601626,0,0,0
CD012661,17609403,0,0,0
CD012661,17620861,0,0,0
CD012661,17625942,0,0,0
CD012661,17650158,0,0,0
CD012661,17666199,0,0,0
CD012661,17679132,1,0,0
CD012661,17693655,0,0,0
CD012661,17699196,0,0,0
CD012661,17699434,0,0,0
CD012661,17705672,0,0,0
CD012661,17719292,0,0,0
CD012661,17720018,0,0,0
CD012661,17760500,0,0,0
CD012661,17786383,0,0,0
CD012661,17876378,0,0,0
CD012661,17882397,0,0,0
CD012661,17887808,0,0,0
CD012661,17894133,0,0,0
CD012661,17905165,0,0,0
CD012661,17921686,0,0,0
CD012661,17922529,0,0,0
CD012661,17923261,0,0,0
CD012661,17953998,1,0,0
CD012661,17964911,0,0,0
CD012661,17965488,0,0,0
CD012661,17980797,0,0,0
CD012661,17982963,0,0,0
CD012661,17991135,0,0,0
CD012661,18024949,0,0,0
CD012661,18025762,0,0,0
CD012661,18026810,0,0,0
CD012661,18036163,0,0,0
CD012661,18039804,0,0,0
CD012661,18040661,0,0,0
CD012661,18042985,0,0,0
CD012661,18043905,0,0,0
CD012661,18044107,0,0,0
CD012661,18071000,0,0,0
CD012661,18078023,0,0,0
CD012661,18084674,0,0,0
CD012661,18090240,0,0,0
CD012661,18159849,0,0,0
CD012661,18162493,0,0,0
CD012661,18166555,0,0,0
CD012661,18166697,0,0,0
CD012661,18174967,0,0,0
CD012661,18187138,0,0,0
CD012661,18195653,0,0,0
CD012661,18201208,0,0,0
CD012661,18206734,1,0,1
CD012661,18220665,0,0,0
CD012661,18220807,0,0,0
CD012661,18227473,0,0,0
CD012661,18246609,0,0,0
CD012661,18249204,0,0,0
CD012661,18249214,1,0,1
CD012661,18260885,0,0,0
CD012661,18268072,0,0,0
CD012661,18268075,0,0,0
CD012661,18282630,1,0,1
CD012661,18294224,0,0,0
CD012661,18298479,0,0,0
CD012661,18300167,0,0,0
CD012661,18308416,0,0,0
CD012661,18310308,0,0,0
CD012661,18310309,0,0,0
CD012661,18312771,0,0,0
CD012661,18326278,0,0,0
CD012661,18341457,0,0,0
CD012661,18349280,0,0,0
CD012661,18362454,0,0,0
CD012661,18364752,0,0,0
CD012661,18370718,0,0,0
CD012661,18388843,0,0,0
CD012661,18392213,0,0,0
CD012661,18394173,0,0,0
CD012661,18405128,1,0,1
CD012661,18405244,0,0,0
CD012661,18406716,0,0,0
CD012661,18412863,0,0,0
CD012661,18413227,0,0,0
CD012661,18415912,1,0,0
CD012661,18418307,0,0,0
CD012661,18425705,0,0,0
CD012661,18431233,0,0,0
CD012661,18433508,0,0,0
CD012661,18434252,0,0,0
CD012661,18435671,0,0,0
CD012661,18435777,0,0,0
CD012661,18436464,0,0,0
CD012661,18445042,0,0,0
CD012661,18452257,1,0,1
CD012661,18455630,0,0,0
CD012661,18464942,0,0,0
CD012661,18467374,0,0,0
CD012661,18472407,0,0,0
CD012661,18473001,0,0,0
CD012661,18475240,0,0,0
CD012661,18479280,0,0,0
CD012661,18479945,0,0,0
CD012661,18480832,0,0,0
CD012661,18484156,0,0,0
CD012661,18484560,0,0,0
CD012661,18486512,1,0,1
CD012661,18491170,0,0,0
CD012661,18506271,0,0,0
CD012661,18509205,0,0,0
CD012661,18509276,0,0,0
CD012661,18509807,1,0,0
CD012661,18535325,0,0,0
CD012661,18535373,0,0,0
CD012661,18540978,0,0,0
CD012661,18541829,0,0,0
CD012661,18552465,0,0,0
CD012661,18558026,0,0,0
CD012661,18562969,0,0,0
CD012661,18564174,0,0,0
CD012661,18568689,0,0,0
CD012661,18574740,0,0,0
CD012661,18588659,0,0,0
CD012661,18591400,0,0,0
CD012661,18592209,0,0,0
CD012661,18598096,0,0,0
CD012661,18599323,0,0,0
CD012661,18606915,0,0,0
CD012661,18608194,0,0,0
CD012661,18609043,0,0,0
CD012661,18627637,0,0,0
CD012661,18628566,0,0,0
CD012661,18631857,0,0,0
CD012661,18632013,0,0,0
CD012661,18632024,0,0,0
CD012661,18632297,0,0,0
CD012661,18633178,0,0,0
CD012661,18647383,0,0,0
CD012661,18652658,0,0,0
CD012661,18652841,0,0,0
CD012661,18668310,0,0,0
CD012661,18677174,0,0,0
CD012661,18677673,0,0,0
CD012661,18679654,0,0,0
CD012661,18682704,0,0,0
CD012661,18688079,0,0,0
CD012661,18689979,0,0,0
CD012661,18692345,0,0,0
CD012661,18697630,1,0,1
CD012661,18700811,0,0,0
CD012661,18700887,0,0,0
CD012661,18701993,0,0,0
CD012661,18702647,0,0,0
CD012661,18728169,0,0,0
CD012661,18757109,0,0,0
CD012661,18760286,0,0,0
CD012661,18766459,0,0,0
CD012661,18771568,0,0,0
CD012661,18774997,0,0,0
CD012661,18777491,0,0,0
CD012661,18779296,0,0,0
CD012661,18782673,0,0,0
CD012661,18784736,0,0,0
CD012661,18796622,0,0,0
CD012661,18809715,0,0,0
CD012661,18814927,0,0,0
CD012661,18828004,0,0,0
CD012661,18829712,0,0,0
CD012661,18835958,0,0,0
CD012661,18836982,0,0,0
CD012661,18844788,0,0,0
CD012661,18846051,0,0,0
CD012661,18847417,0,0,0
CD012661,18850468,0,0,0
CD012661,18922596,0,0,0
CD012661,18924636,0,0,0
CD012661,18936730,0,0,0
CD012661,18940902,0,0,0
CD012661,18953172,0,0,0
CD012661,18953877,0,0,0
CD012661,18971871,0,0,0
CD012661,18979083,0,0,0
CD012661,18979719,0,0,0
CD012661,18990751,0,0,0
CD012661,18994662,0,0,0
CD012661,19001309,0,0,0
CD012661,19003549,0,0,0
CD012661,19023195,0,0,0
CD012661,19026295,0,0,0
CD012661,19038050,0,0,0
CD012661,19042094,0,0,0
CD012661,19046193,1,0,0
CD012661,19046200,1,0,1
CD012661,19046219,0,0,0
CD012661,19049726,0,0,0
CD012661,19064828,0,0,0
CD012661,19067496,0,0,0
CD012661,19068374,0,0,0
CD012661,19078990,0,0,0
CD012661,19088471,0,0,0
CD012661,19096518,0,0,0
CD012661,19097767,0,0,0
CD012661,19106241,0,0,0
CD012661,19114351,0,0,0
CD012661,19118408,0,0,0
CD012661,19118452,0,0,0
CD012661,19127513,0,0,0
CD012661,19130039,0,0,0
CD012661,19131213,0,0,0
CD012661,19131940,0,0,0
CD012661,19140314,0,0,0
CD012661,19145587,0,0,0
CD012661,19148117,0,0,0
CD012661,19151611,0,0,0
CD012661,19156622,0,0,0
CD012661,19171717,0,0,0
CD012661,19178531,0,0,0
CD012661,19179122,0,0,0
CD012661,19179214,0,0,0
CD012661,19199891,0,0,0
CD012661,19202950,0,0,0
CD012661,19207231,0,0,0
CD012661,19207293,0,0,0
CD012661,19208727,0,0,0
CD012661,19209233,0,0,0
CD012661,19211825,0,0,0
CD012661,19214921,0,0,0
CD012661,19214942,0,0,0
CD012661,19219420,0,0,0
CD012661,19236612,0,0,0
CD012661,19255424,0,0,0
CD012661,19261345,0,0,0
CD012661,19267335,0,0,0
CD012661,19267712,0,0,0
CD012661,19268968,0,0,0
CD012661,19273167,0,0,0
CD012661,19277601,0,0,0
CD012661,19298645,0,0,0
CD012661,19302369,0,0,0
CD012661,19303072,0,0,0
CD012661,19327640,0,0,0
CD012661,19333205,0,0,0
CD012661,19337698,0,0,0
CD012661,19343290,0,0,0
CD012661,19345115,0,0,0
CD012661,19356403,0,0,0
CD012661,19359769,0,0,0
CD012661,19364638,0,0,0
CD012661,19366942,0,0,0
CD012661,19370043,0,0,0
CD012661,19370507,0,0,0
CD012661,19382103,0,0,0
CD012661,19387611,0,0,0
CD012661,19389272,0,0,0
CD012661,19406067,0,0,0
CD012661,19408098,0,0,0
CD012661,19410252,0,0,0
CD012661,19414206,1,0,1
CD012661,19421362,0,0,0
CD012661,19427709,0,0,0
CD012661,19436651,0,0,0
CD012661,19437896,0,0,0
CD012661,19443823,0,0,0
CD012661,19444381,0,0,0
CD012661,19454899,0,0,0
CD012661,19459763,0,0,0
CD012661,19460110,0,0,0
CD012661,19483429,0,0,0
CD012661,19490827,0,0,0
CD012661,19497020,0,0,0
CD012661,19497633,0,0,0
CD012661,19500153,0,0,0
CD012661,19509100,0,0,0
CD012661,19515410,1,0,0
CD012661,19533014,0,0,0
CD012661,19535894,0,0,0
CD012661,19550434,0,0,0
CD012661,19557295,0,0,0
CD012661,19568899,0,0,0
CD012661,19571572,0,0,0
CD012661,19574728,0,0,0
CD012661,19576319,0,0,0
CD012661,19585489,0,0,0
CD012661,19587364,0,0,0
CD012661,19592053,0,0,0
CD012661,19598004,0,0,0
CD012661,19603127,0,0,0
CD012661,19608440,0,0,0
CD012661,19614795,0,0,0
CD012661,19618280,0,0,0
CD012661,19622007,0,0,0
CD012661,19623665,0,0,0
CD012661,19627714,0,0,0
CD012661,19628117,0,0,0
CD012661,19637309,0,0,0
CD012661,19640291,0,0,0
CD012661,19640340,0,0,0
CD012661,19641265,0,0,0
CD012661,19643436,0,0,0
CD012661,19667504,0,0,0
CD012661,19674805,0,0,0
CD012661,19698644,0,0,0
CD012661,19708908,0,0,0
CD012661,19712989,0,0,0
CD012661,19714245,0,0,0
CD012661,19715858,0,0,0
CD012661,19719706,0,0,0
CD012661,19721857,0,0,0
CD012661,19722353,0,0,0
CD012661,19728847,0,0,0
CD012661,19730439,0,0,0
CD012661,19733673,0,0,0
CD012661,19749492,0,0,0
CD012661,19755526,0,0,0
CD012661,19756980,0,0,0
CD012661,19766344,1,0,0
CD012661,19766387,0,0,0
CD012661,19768733,0,0,0
CD012661,19768735,0,0,0
CD012661,19774216,0,0,0
CD012661,19783009,0,0,0
CD012661,19796772,0,0,0
CD012661,19801360,0,0,0
CD012661,19804307,0,0,0
CD012661,19806241,0,0,0
CD012661,19825200,1,0,0
CD012661,19828159,0,0,0
CD012661,19834870,0,0,0
CD012661,19839032,0,0,0
CD012661,19846393,0,0,0
CD012661,19855923,0,0,0
CD012661,19861693,0,0,0
CD012661,19864407,0,0,0
CD012661,19875549,0,0,0
CD012661,19875606,0,0,0
CD012661,19878106,0,0,0
CD012661,19885157,0,0,0
CD012661,19885232,0,0,0
CD012661,19885595,0,0,0
CD012661,19891946,0,0,0
CD012661,19891948,0,0,0
CD012661,19898830,1,0,0
CD012661,19909549,0,0,0
CD012661,19910279,0,0,0
CD012661,19918010,0,0,0
CD012661,19929989,0,0,0
CD012661,19936703,0,0,0
CD012661,19939647,0,0,0
CD012661,19944916,0,0,0
CD012661,19996523,0,0,0
CD012661,19997624,0,0,0
CD012661,20004035,0,0,0
CD012661,20009096,0,0,0
CD012661,20032282,0,0,0
CD012661,20032586,0,0,0
CD012661,20034368,0,0,0
CD012661,20034372,0,0,0
CD012661,20045546,0,0,0
CD012661,20046656,0,0,0
CD012661,20047632,0,0,0
CD012661,20054879,0,0,0
CD012661,20056983,0,0,0
CD012661,20073428,1,0,1
CD012661,20081213,0,0,0
CD012661,20086228,0,0,0
CD012661,20091020,0,0,0
CD012661,20099057,0,0,0
CD012661,20103560,0,0,0
CD012661,20104451,0,0,0
CD012661,20106681,0,0,0
CD012661,20110121,0,0,0
CD012661,20110856,0,0,0
CD012661,20118302,0,0,0
CD012661,20124140,0,0,0
CD012661,20127309,0,0,0
CD012661,20133490,0,0,0
CD012661,20141016,0,0,0
CD012661,20143139,0,0,0
CD012661,20150006,0,0,0
CD012661,20164587,0,0,0
CD012661,20167685,0,0,0
CD012661,20169449,0,0,0
CD012661,20184518,0,0,0
CD012661,20185006,0,0,0
CD012661,20185738,0,0,0
CD012661,20199995,0,0,0
CD012661,20200384,1,0,1
CD012661,20202363,0,0,0
CD012661,20206730,0,0,0
CD012661,20208015,0,0,0
CD012661,20209424,0,0,0
CD012661,20213855,0,0,0
CD012661,20214831,0,0,0
CD012661,20217039,0,0,0
CD012661,20221858,0,0,0
CD012661,20227262,0,0,0
CD012661,20299486,0,0,0
CD012661,20302203,0,0,0
CD012661,20305006,0,0,0
CD012661,20305401,0,0,0
CD012661,20307319,0,0,0
CD012661,20337857,0,0,0
CD012661,20338491,0,0,0
CD012661,20338960,0,0,0
CD012661,20339371,0,0,0
CD012661,20349292,0,0,0
CD012661,20368080,0,0,0
CD012661,20368215,0,0,0
CD012661,20369275,0,0,0
CD012661,20373014,0,0,0
CD012661,20376056,0,0,0
CD012661,20386878,0,0,0
CD012661,20391243,0,0,0
CD012661,20393450,0,0,0
CD012661,20399086,0,0,0
CD012661,20406150,0,0,0
CD012661,20408603,0,0,0
CD012661,20408863,0,0,0
CD012661,20413967,0,0,0
CD012661,20417764,0,0,0
CD012661,20419873,0,0,0
CD012661,20422396,0,0,0
CD012661,20427326,0,0,0
CD012661,20431799,0,0,0
CD012661,20446580,0,0,0
CD012661,20452082,0,0,0
CD012661,20453503,0,0,0
CD012661,20455420,0,0,0
CD012661,20456590,0,0,0
CD012661,20467708,0,0,0
CD012661,20484138,0,0,0
CD012661,20484588,0,0,0
CD012661,20489420,0,0,0
CD012661,20490448,0,0,0
CD012661,20498655,0,0,0
CD012661,20507274,0,0,0
CD012661,20508230,0,0,0
CD012661,20513331,0,0,0
CD012661,20517157,0,0,0
CD012661,20520805,0,0,0
CD012661,20534063,0,0,0
CD012661,20536946,1,0,1
CD012661,20541364,0,0,0
CD012661,20542339,0,0,0
CD012661,20573752,1,0,1
CD012661,20578203,1,0,1
CD012661,20584656,0,0,0
CD012661,20589897,0,0,0
CD012661,20594891,0,0,0
CD012661,20597834,0,0,0
CD012661,20605249,0,0,0
CD012661,20605302,0,0,0
CD012661,20615210,0,0,0
CD012661,20616460,0,0,0
CD012661,20617076,0,0,0
CD012661,20617081,0,0,0
CD012661,20618275,0,0,0
CD012661,20618996,0,0,0
CD012661,20620078,0,0,0
CD012661,20629770,0,0,0
CD012661,20629821,0,0,0
CD012661,20631016,0,0,0
CD012661,20644204,0,0,0
CD012661,20646626,0,0,0
CD012661,20652307,0,0,0
CD012661,20663291,0,0,0
CD012661,20668155,0,0,0
CD012661,20671744,0,0,0
CD012661,20680652,0,0,0
CD012661,20687228,0,0,0
CD012661,20689357,0,0,0
CD012661,20693490,0,0,0
CD012661,20697688,0,0,0
CD012661,20701805,0,0,0
CD012661,20702541,0,0,0
CD012661,20705869,0,0,0
CD012661,20711717,0,0,0
CD012661,20712905,1,0,0
CD012661,20713684,0,0,0
CD012661,20723102,0,0,0
CD012661,20724400,0,0,0
CD012661,20724649,0,0,0
CD012661,20730497,0,0,0
CD012661,20739381,0,0,0
CD012661,20740271,0,0,0
CD012661,20802435,0,0,0
CD012661,20804345,0,0,0
CD012661,20804517,0,0,0
CD012661,20804556,0,0,0
CD012661,20805281,0,0,0
CD012661,20806682,0,0,0
CD012661,20808110,0,0,0
CD012661,20819089,0,0,0
CD012661,20820753,0,0,0
CD012661,20822649,0,0,0
CD012661,20827664,1,0,1
CD012661,20846221,0,0,0
CD012661,20846701,0,0,0
CD012661,20849430,0,0,0
CD012661,20854093,0,0,0
CD012661,20859613,0,0,0
CD012661,20865674,0,0,0
CD012661,20868430,0,0,0
CD012661,20868506,0,0,0
CD012661,20869343,0,0,0
CD012661,20870969,0,0,0
CD012661,20881390,0,0,0
CD012661,20886203,0,0,0
CD012661,20923991,0,0,0
CD012661,20934897,1,0,1
CD012661,20937982,0,0,0
CD012661,20951574,0,0,0
CD012661,20962781,0,0,0
CD012661,20969750,0,0,0
CD012661,20974289,0,0,0
CD012661,20978092,0,0,0
CD012661,20978741,0,0,0
CD012661,21017079,0,0,0
CD012661,21029470,0,0,0
CD012661,21031056,0,0,0
CD012661,21035209,0,0,0
CD012661,21035886,0,0,0
CD012661,21036672,0,0,0
CD012661,21037381,0,0,0
CD012661,21046360,0,0,0
CD012661,21062906,0,0,0
CD012661,21070650,0,0,0
CD012661,21071933,0,0,0
CD012661,21075913,0,0,0
CD012661,21076577,0,0,0
CD012661,21080043,0,0,0
CD012661,21083976,0,0,0
CD012661,21088574,0,0,0
CD012661,21089418,0,0,0
CD012661,21090535,0,0,0
CD012661,21098657,0,0,0
CD012661,21099333,0,0,0
CD012661,21106867,0,0,0
CD012661,21110036,0,0,0
CD012661,21110902,0,0,0
CD012661,21111636,0,0,0
CD012661,21115861,0,0,0
CD012661,21119093,0,0,0
CD012661,21124022,0,0,0
CD012661,21126197,0,0,0
CD012661,21128892,0,0,0
CD012661,21128994,0,0,0
CD012661,21137174,0,0,0
CD012661,21139250,0,0,0
CD012661,21142816,0,0,0
CD012661,21146885,0,0,0
CD012661,21151012,0,0,0
CD012661,21158891,0,0,0
CD012661,21164186,0,0,0
CD012661,21183531,0,0,0
CD012661,21187864,0,0,0
CD012661,21198995,0,0,0
CD012661,21204963,0,0,0
CD012661,21205119,0,0,0
CD012661,21219247,0,0,0
CD012661,21227015,0,0,0
CD012661,21228791,0,0,0
CD012661,21238864,0,0,0
CD012661,21267537,0,0,0
CD012661,21270194,0,0,0
CD012661,21274398,0,0,0
CD012661,21274758,0,0,0
CD012661,21281837,0,0,0
CD012661,21282376,0,0,0
CD012661,21284802,0,0,0
CD012661,21289229,1,0,0
CD012661,21289510,0,0,0
CD012661,21293085,0,0,0
CD012661,21294754,0,0,0
CD012661,21294768,0,0,0
CD012661,21294772,0,0,0
CD012661,21294870,0,0,0
CD012661,21298413,0,0,0
CD012661,21299400,0,0,0
CD012661,21299854,0,0,0
CD012661,21300356,0,0,0
CD012661,21300382,1,0,1
CD012661,21300789,0,0,0
CD012661,21306287,0,0,0
CD012661,21307378,1,0,1
CD012661,21314867,0,0,0
CD012661,21320965,0,0,0
CD012661,21323181,0,0,0
CD012661,21331599,0,0,0
CD012661,21336576,0,0,0
CD012661,21340503,0,0,0
CD012661,21340623,0,0,0
CD012661,21340624,0,0,0
CD012661,21341384,0,0,0
CD012661,21342625,0,0,0
CD012661,21354350,0,0,0
CD012661,21358541,0,0,0
CD012661,21362322,0,0,0
CD012661,21370992,0,0,0
CD012661,21372404,0,0,0
CD012661,21384280,0,0,0
CD012661,21394027,0,0,0
CD012661,21395957,0,0,0
CD012661,21397971,0,0,0
CD012661,21401830,0,0,0
CD012661,21409415,0,0,0
CD012661,21409896,0,0,0
CD012661,21411989,0,0,0
CD012661,21414976,0,0,0
CD012661,21420057,0,0,0
CD012661,21420129,0,0,0
CD012661,21428766,0,0,0
CD012661,21429720,0,0,0
CD012661,21446131,0,0,0
CD012661,21447867,0,0,0
CD012661,21448848,0,0,0
CD012661,21450564,0,0,0
CD012661,21450615,0,0,0
CD012661,21458731,0,0,0
CD012661,21459647,0,0,0
CD012661,21459891,0,0,0
CD012661,21462727,1,0,0
CD012661,21470107,0,0,0
CD012661,21477496,0,0,0
CD012661,21487494,0,0,0
CD012661,21489568,0,0,0
CD012661,21492487,0,0,0
CD012661,21498788,0,0,0
CD012661,21515842,1,0,0
CD012661,21515847,0,0,0
CD012661,21519322,0,0,0
CD012661,21531886,0,0,0
CD012661,21544988,0,0,0
CD012661,21566790,0,0,0
CD012661,21569404,0,0,0
CD012661,21570646,0,0,0
CD012661,21570686,0,0,0
CD012661,21584260,0,0,0
CD012661,21584793,0,0,0
CD012661,21593303,0,0,0
CD012661,21597024,0,0,0
CD012661,21599865,0,0,0
CD012661,21607914,0,0,0
CD012661,21610663,1,0,0
CD012661,21612506,0,0,0
CD012661,21613810,0,0,0
CD012661,21617179,0,0,0
CD012661,21624961,0,0,0
CD012661,21625600,0,0,0
CD012661,21626279,0,0,0
CD012661,21630126,0,0,0
CD012661,21646370,1,0,0
CD012661,21648289,0,0,0
CD012661,21658973,0,0,0
CD012661,21659754,0,0,0
CD012661,21666338,0,0,0
CD012661,21666982,0,0,0
CD012661,21676480,1,0,1
CD012661,21680986,0,0,0
CD012661,21688573,0,0,0
CD012661,21697547,0,0,0
CD012661,21697890,0,0,0
CD012661,21699561,0,0,0
CD012661,21699724,0,0,0
CD012661,21705063,0,0,0
CD012661,21705064,0,0,0
CD012661,21705065,0,0,0
CD012661,21707690,0,0,0
CD012661,21714680,0,0,0
CD012661,21715536,0,0,0
CD012661,21716748,0,0,0
CD012661,21718910,1,0,1
CD012661,21726266,0,0,0
CD012661,21726278,1,0,0
CD012661,21731891,0,0,0
CD012661,21737182,0,0,0
CD012661,21738002,1,0,1
CD012661,21738053,0,0,0
CD012661,21749444,1,0,0
CD012661,21750278,0,0,0
CD012661,21752514,0,0,0
CD012661,21756307,0,0,0
CD012661,21768543,0,0,0
CD012661,21769500,1,0,0
CD012661,21771299,0,0,0
CD012661,21773683,0,0,0
CD012661,21785986,0,0,0
CD012661,21789375,0,0,0
CD012661,21790773,1,0,0
CD012661,21792295,0,0,0
CD012661,21800941,0,0,0
CD012661,21802577,0,0,0
CD012661,21802578,0,0,0
CD012661,21807061,0,0,0
CD012661,21812216,0,0,0
CD012661,21812221,0,0,0
CD012661,21816975,0,0,0
CD012661,21821372,0,0,0
CD012661,21822396,0,0,0
CD012661,21824186,0,0,0
CD012661,21824948,0,0,0
CD012661,21833742,0,0,0
CD012661,21834601,0,0,0
CD012661,21835871,0,0,0
CD012661,21839662,0,0,0
CD012661,21839892,0,0,0
CD012661,21841324,0,0,0
CD012661,21849526,1,0,0
CD012661,21857933,0,0,0
CD012661,21873564,0,0,0
CD012661,21873679,0,0,0
CD012661,21878448,0,0,0
CD012661,21888015,0,0,0
CD012661,21888652,0,0,0
CD012661,21894459,0,0,0
CD012661,21900657,0,0,0
CD012661,21901282,0,0,0
CD012661,21911559,0,0,0
CD012661,21916972,0,0,0
CD012661,21916977,0,0,0
CD012661,21930722,0,0,0
CD012661,21937208,0,0,0
CD012661,21947790,1,0,0
CD012661,21948771,0,0,0
CD012661,21953797,0,0,0
CD012661,21953798,0,0,0
CD012661,21959214,0,0,0
CD012661,21959345,0,0,0
CD012661,21959959,0,0,0
CD012661,21961697,0,0,0
CD012661,21969342,0,0,0
CD012661,21970859,0,0,0
CD012661,21986704,0,0,0
CD012661,21988593,0,0,0
CD012661,21988955,0,0,0
CD012661,21998718,1,0,0
CD012661,22001337,1,0,0
CD012661,22003933,0,0,0
CD012661,22008319,0,0,0
CD012661,22009373,0,0,0
CD012661,22012037,0,0,0
CD012661,22020287,0,0,0
CD012661,22025777,0,0,0
CD012661,22046388,0,0,0
CD012661,22047007,0,0,0
CD012661,22050271,0,0,0
CD012661,22057194,0,0,0
CD012661,22061269,0,0,0
CD012661,22065536,0,0,0
CD012661,22068250,0,0,0
CD012661,22069128,0,0,0
CD012661,22074110,0,0,0
CD012661,22075539,0,0,0
CD012661,22078109,0,0,0
CD012661,22078632,0,0,0
CD012661,22078718,0,0,0
CD012661,22080254,0,0,0
CD012661,22083037,0,0,0
CD012661,22089111,0,0,0
CD012661,22090278,0,0,0
CD012661,22095155,0,0,0
CD012661,22099870,0,0,0
CD012661,22108602,0,0,0
CD012661,22108732,0,0,0
CD012661,22111048,0,0,0
CD012661,22116473,0,0,0
CD012661,22123298,0,0,0
CD012661,22123800,0,0,0
CD012661,22124180,0,0,0
CD012661,22124462,0,0,0
CD012661,22124615,0,0,0
CD012661,22132939,0,0,0
CD012661,22137766,0,0,0
CD012661,22139892,0,0,0
CD012661,22141437,0,0,0
CD012661,22144667,0,0,0
CD012661,22148881,0,0,0
CD012661,22150345,0,0,0
CD012661,22158665,0,0,0
CD012661,22161730,0,0,0
CD012661,22163043,0,0,0
CD012661,22164268,0,0,0
CD012661,22166758,0,0,0
CD012661,22169693,0,0,0
CD012661,22186659,0,0,0
CD012661,22186981,0,0,0
CD012661,22194960,0,0,0
CD012661,22204568,0,0,0
CD012661,22207036,0,0,0
CD012661,22207511,0,0,0
CD012661,22220755,0,0,0
CD012661,22222270,0,0,0
CD012661,22230104,0,0,0
CD012661,22232090,0,0,0
CD012661,22238408,0,0,0
CD012661,22242266,0,0,0
CD012661,22246944,0,0,0
CD012661,22253537,0,0,0
CD012661,22253614,0,0,0
CD012661,22257419,0,0,0
CD012661,22262070,0,0,0
CD012661,22263398,0,0,0
CD012661,22267822,0,0,0
CD012661,22272898,0,0,0
CD012661,22273088,0,0,0
CD012661,22274553,0,0,0
CD012661,22274838,0,0,0
CD012661,22281251,0,0,0
CD012661,22283662,0,0,0
CD012661,22291903,0,0,0
CD012661,22295973,0,0,0
CD012661,22297583,0,0,0
CD012661,22301122,0,0,0
CD012661,22303895,0,0,0
CD012661,22304539,0,0,0
CD012661,22309488,0,0,0
CD012661,22322078,0,0,0
CD012661,22323410,0,0,0
CD012661,22324384,0,0,0
CD012661,22331244,0,0,0
CD012661,22332087,0,0,0
CD012661,22332940,0,0,0
CD012661,22340463,0,0,0
CD012661,22345692,0,0,0
CD012661,22356575,0,0,0
CD012661,22362309,0,0,0
CD012661,22363926,0,0,0
CD012661,22363927,0,0,0
CD012661,22374638,0,0,0
CD012661,22391424,0,0,0
CD012661,22396204,0,0,0
CD012661,22397368,0,0,0
CD012661,22399699,0,0,0
CD012661,22402937,0,0,0
CD012661,22404292,0,0,0
CD012661,22410812,0,0,0
CD012661,22411385,0,0,0
CD012661,22413776,0,0,0
CD012661,22413832,0,0,0
CD012661,22415336,0,0,0
CD012661,22421925,0,0,0
CD012661,22421981,0,0,0
CD012661,22425018,0,0,0
CD012661,22426020,0,0,0
CD012661,22426800,0,0,0
CD012661,22432110,0,0,0
CD012661,22435937,0,0,0
CD012661,22441028,0,0,0
CD012661,22441425,0,0,0
CD012661,22441569,0,0,0
CD012661,22443833,0,0,0
CD012661,22454406,0,0,0
CD012661,22459300,0,0,0
CD012661,22474136,0,0,0
CD012661,22488644,0,0,0
CD012661,22489756,0,0,0
CD012661,22490791,0,0,0
CD012661,22492827,0,0,0
CD012661,22494807,0,0,0
CD012661,22504174,0,0,0
CD012661,22510023,1,0,1
CD012661,22512949,0,0,0
CD012661,22516770,0,0,0
CD012661,22525851,0,0,0
CD012661,22526613,0,0,0
CD012661,22538672,0,0,0
CD012661,22540250,0,0,0
CD012661,22541650,0,0,0
CD012661,22544890,0,0,0
CD012661,22547092,0,0,0
CD012661,22548278,0,0,0
CD012661,22548618,0,0,0
CD012661,22552911,1,0,0
CD012661,22553425,0,0,0
CD012661,22558430,0,0,0
CD012661,22560382,0,0,0
CD012661,22572101,0,0,0
CD012661,22575980,0,0,0
CD012661,22577950,0,0,0
CD012661,22580730,1,0,1
CD012661,22580991,0,0,0
CD012661,22581733,0,0,0
CD012661,22615932,0,0,0
CD012661,22619079,0,0,0
CD012661,22622178,0,0,0
CD012661,22633797,0,0,0
CD012661,22638548,0,0,0
CD012661,22639399,0,0,0
CD012661,22640983,1,0,1
CD012661,22647753,1,0,1
CD012661,22675349,0,0,0
CD012661,22677795,0,0,0
CD012661,22683134,0,0,0
CD012661,22684796,0,0,0
CD012661,22686045,0,0,0
CD012661,22686416,0,0,0
CD012661,22698416,0,0,0
CD012661,22711013,0,0,0
CD012661,22716943,0,0,0
CD012661,22719946,0,0,0
CD012661,22719972,0,0,0
CD012661,22729713,0,0,0
CD012661,22733482,0,0,0
CD012661,22736395,0,0,0
CD012661,22737143,0,0,0
CD012661,22738646,0,0,0
CD012661,22738663,0,0,0
CD012661,22744164,0,0,0
CD012661,22751963,0,0,0
CD012661,22751964,0,0,0
CD012661,22752941,0,0,0
CD012661,22753829,0,0,0
CD012661,22769439,0,0,0
CD012661,22773702,0,0,0
CD012661,22773705,0,0,0
CD012661,22778198,0,0,0
CD012661,22781951,0,0,0
CD012661,22782288,0,0,0
CD012661,22795290,0,0,0
CD012661,22813786,0,0,0
CD012661,22831708,0,0,0
CD012661,22836627,0,0,0
CD012661,22837190,0,0,0
CD012661,22837306,0,0,0
CD012661,22848473,0,0,0
CD012661,22852004,0,0,0
CD012661,22855643,0,0,0
CD012661,22855733,0,0,0
CD012661,22859789,0,0,0
CD012661,22865584,0,0,0
CD012661,22870185,0,0,0
CD012661,22878698,0,0,0
CD012661,22878939,0,0,0
CD012661,22882211,0,0,0
CD012661,22895669,0,0,0
CD012661,22905926,0,0,0
CD012661,22909322,0,0,0
CD012661,22911279,0,0,0
CD012661,22912709,0,0,0
CD012661,22913483,0,0,0
CD012661,22913897,0,0,0
CD012661,22913899,0,0,0
CD012661,22923064,0,0,0
CD012661,22934004,0,0,0
CD012661,22937915,0,0,0
CD012661,22939581,0,0,0
CD012661,22944520,0,0,0
CD012661,22949335,0,0,0
CD012661,22950794,0,0,0
CD012661,22955996,1,0,1
CD012661,22958989,0,0,0
CD012661,22971356,0,0,0
CD012661,22972445,0,0,0
CD012661,22974910,0,0,0
CD012661,22975101,0,0,0
CD012661,22978359,0,0,0
CD012661,22984506,0,0,0
CD012661,22986731,0,0,0
CD012661,22990274,0,0,0
CD012661,22991412,0,0,0
CD012661,22994902,0,0,0
CD012661,23002083,0,0,0
CD012661,23009556,1,0,0
CD012661,23010998,0,0,0
CD012661,23011351,0,0,0
CD012661,23018602,0,0,0
CD012661,23024251,0,0,0
CD012661,23031361,0,0,0
CD012661,23033123,0,0,0
CD012661,23033236,0,0,0
CD012661,23033239,0,0,0
CD012661,23033247,0,0,0
CD012661,23039989,0,0,0
CD012661,23040867,0,0,0
CD012661,23044096,0,0,0
CD012661,23057577,0,0,0
CD012661,23062328,0,0,0
CD012661,23065351,0,0,0
CD012661,23067236,0,0,0
CD012661,23068962,0,0,0
CD012661,23069841,0,0,0
CD012661,23075262,0,0,0
CD012661,23078638,0,0,0
CD012661,23078865,0,0,0
CD012661,23079248,0,0,0
CD012661,23082568,0,0,0
CD012661,23092212,0,0,0
CD012661,23093657,0,0,0
CD012661,23095433,0,0,0
CD012661,23099356,0,0,0
CD012661,23100249,0,0,0
CD012661,23107314,0,0,0
CD012661,23111652,1,0,0
CD012661,23115070,0,0,0
CD012661,23117262,0,0,0
CD012661,23118911,0,0,0
CD012661,23121487,0,0,0
CD012661,23124702,0,0,0
CD012661,23132875,0,0,0
CD012661,23133444,0,0,0
CD012661,23134940,0,0,0
CD012661,23137765,0,0,0
CD012661,23139771,0,0,0
CD012661,23140808,1,0,0
CD012661,23147746,0,0,0
CD012661,23153108,0,0,0
CD012661,23160442,0,0,0
CD012661,23163974,0,0,0
CD012661,23164565,0,0,0
CD012661,23168282,0,0,0
CD012661,23173631,0,0,0
CD012661,23175191,0,0,0
CD012661,23175674,0,0,0
CD012661,23180627,0,0,0
CD012661,23181718,0,0,0
CD012661,23183943,0,0,0
CD012661,23199037,0,0,0
CD012661,23199129,0,0,0
CD012661,23199535,0,0,0
CD012661,23199536,0,0,0
CD012661,23206588,0,0,0
CD012661,23209190,0,0,0
CD012661,23219176,0,0,0
CD012661,23222526,0,0,0
CD012661,23223343,0,0,0
CD012661,23223344,0,0,0
CD012661,23223347,0,0,0
CD012661,23235198,0,0,0
CD012661,23238313,0,0,0
CD012661,23238350,0,0,0
CD012661,23238664,0,0,0
CD012661,23241342,1,0,0
CD012661,23259446,0,0,0
CD012661,23259555,0,0,0
CD012661,23259588,0,0,0
CD012661,23260708,0,0,0
CD012661,23261793,0,0,0
CD012661,23275371,0,0,0
CD012661,23275374,0,0,0
CD012661,23278283,0,0,0
CD012661,23278387,0,0,0
CD012661,23278767,0,0,0
CD012661,23279222,0,0,0
CD012661,23280257,1,0,0
CD012661,23285104,0,0,0
CD012661,23286961,0,0,0
CD012661,23294997,0,0,0
CD012661,23298660,0,0,0
CD012661,23299990,0,0,0
CD012661,23301551,1,0,0
CD012661,23304116,0,0,0
CD012661,23311817,0,0,0
CD012661,23312547,0,0,0
CD012661,23312704,0,0,0
CD012661,23314044,0,0,0
CD012661,23315601,1,0,0
CD012661,23323078,0,0,0
CD012661,23332008,0,0,0
CD012661,23333042,0,0,0
CD012661,23341488,0,0,0
CD012661,23347470,0,0,0
CD012661,23350893,0,0,0
CD012661,23357741,0,0,0
CD012661,23360842,0,0,0
CD012661,23363608,0,0,0
CD012661,23368640,0,0,0
CD012661,23370139,0,0,0
CD012661,23378625,0,0,0
CD012661,23380864,0,0,0
CD012661,23384535,0,0,0
CD012661,23386056,0,0,0
CD012661,23389397,0,0,0
CD012661,23389687,1,0,1
CD012661,23390082,0,0,0
CD012661,23391105,0,0,0
CD012661,23397143,0,0,0
CD012661,23398285,0,0,0
CD012661,23399043,0,0,0
CD012661,23399749,0,0,0
CD012661,23404444,0,0,0
CD012661,23405181,0,0,0
CD012661,23405237,0,0,0
CD012661,23407904,0,0,0
CD012661,23409518,0,0,0
CD012661,23418493,0,0,0
CD012661,23422045,0,0,0
CD012661,23423502,0,0,0
CD012661,23423541,0,0,0
CD012661,23423694,0,0,0
CD012661,23429241,0,0,0
CD012661,23430597,0,0,0
CD012661,23431394,0,0,0
CD012661,23436087,0,0,0
CD012661,23439165,0,0,0
CD012661,23448510,0,0,0
CD012661,23450048,0,0,0
CD012661,23450443,0,0,0
CD012661,23451814,0,0,0
CD012661,23458188,0,0,0
CD012661,23462666,0,0,0
CD012661,23463747,0,0,0
CD012661,23469984,0,0,0
CD012661,23474588,0,0,0
CD012661,23483954,0,0,0
CD012661,23488447,0,0,0
CD012661,23494826,0,0,0
CD012661,23495871,0,0,0
CD012661,23497419,0,0,0
CD012661,23497547,0,0,0
CD012661,23498291,0,0,0
CD012661,23498292,0,0,0
CD012661,23498294,0,0,0
CD012661,23498295,0,0,0
CD012661,23498304,0,0,0
CD012661,23505172,0,0,0
CD012661,23512735,0,0,0
CD012661,23517378,0,0,0
CD012661,23527528,0,0,0
CD012661,23531099,0,0,0
CD012661,23536367,0,0,0
CD012661,23537807,0,0,0
CD012661,23539729,0,0,0
CD012661,23539736,0,0,0
CD012661,23544673,0,0,0
CD012661,23547410,0,0,0
CD012661,23550555,1,0,0
CD012661,23551856,0,0,0
CD012661,23551914,0,0,0
CD012661,23552170,0,0,0
CD012661,23557591,0,0,0
CD012661,23558506,0,0,0
CD012661,23562108,0,0,0
CD012661,23564916,0,0,0
CD012661,23564920,0,0,0
CD012661,23567929,0,0,0
CD012661,23571511,0,0,0
CD012661,23578341,0,0,0
CD012661,23586438,0,0,0
CD012661,23587667,0,0,0
CD012661,23594745,0,0,0
CD012661,23600561,0,0,0
CD012661,23605747,0,0,0
CD012661,23607183,0,0,0
CD012661,23608549,0,0,0
CD012661,23608615,0,0,0
CD012661,23610081,0,0,0
CD012661,23610527,0,0,0
CD012661,23611290,0,0,0
CD012661,23613929,0,0,0
CD012661,23617584,0,0,0
CD012661,23623422,0,0,0
CD012661,23637357,0,0,0
CD012661,23639608,0,0,0
CD012661,23643051,0,0,0
CD012661,23644869,0,0,0
CD012661,23656177,0,0,0
CD012661,23656798,0,0,0
CD012661,23659572,0,0,0
CD012661,23659636,0,0,0
CD012661,23659777,0,0,0
CD012661,23666248,0,0,0
CD012661,23670858,0,0,0
CD012661,23676937,0,0,0
CD012661,23681491,0,0,0
CD012661,23684448,0,0,0
CD012661,23687360,0,0,0
CD012661,23690532,0,0,0
CD012661,23691063,0,0,0
CD012661,23696709,0,0,0
CD012661,23699674,0,0,0
CD012661,23704677,0,0,0
CD012661,23705980,0,0,0
CD012661,23708162,0,0,0
CD012661,23708169,0,0,0
CD012661,23709097,0,0,0
CD012661,23710584,0,0,0
CD012661,23713181,0,0,0
CD012661,23715755,0,0,0
CD012661,23715962,0,0,0
CD012661,23717773,0,0,0
CD012661,23721587,0,0,0
CD012661,23723353,0,0,0
CD012661,23723354,0,0,0
CD012661,23731526,1,0,0
CD012661,23742066,0,0,0
CD012661,23769592,0,0,0
CD012661,23775102,1,0,0
CD012661,23780949,0,0,0
CD012661,23795882,0,0,0
CD012661,23804800,0,0,0
CD012661,23806478,0,0,0
CD012661,23809507,0,0,0
CD012661,23810779,0,0,0
CD012661,23818970,0,0,0
CD012661,23829205,0,0,0
CD012661,23835693,0,0,0
CD012661,23835697,0,0,0
CD012661,23835767,0,0,0
CD012661,23836031,0,0,0
CD012661,23852688,0,0,0
CD012661,23859071,0,0,0
CD012661,23860722,0,0,0
CD012661,23861845,0,0,0
CD012661,23863810,0,0,0
CD012661,23863908,0,0,0
CD012661,23865389,0,0,0
CD012661,23871698,0,0,0
CD012661,23874736,0,0,0
CD012661,23877981,0,0,0
CD012661,23877985,0,0,0
CD012661,23877989,0,0,0
CD012661,23882708,0,0,0
CD012661,23894121,0,0,0
CD012661,23896181,0,0,0
CD012661,23902570,0,0,0
CD012661,23903350,0,0,0
CD012661,23904276,0,0,0
CD012661,23925668,0,0,0
CD012661,23936428,0,0,0
CD012661,23939543,0,0,0
CD012661,23945124,0,0,0
CD012661,23948106,0,0,0
CD012661,23949558,0,0,0
CD012661,23951331,0,0,0
CD012661,23952467,0,0,0
CD012661,23952705,0,0,0
CD012661,23956561,0,0,0
CD012661,23958400,0,0,0
CD012661,23972041,0,0,0
CD012661,23974918,0,0,0
CD012661,23979274,0,0,0
CD012661,23990364,0,0,0
CD012661,23993260,0,0,0
CD012661,24002281,0,0,0
CD012661,24008164,0,0,0
CD012661,24008404,0,0,0
CD012661,24011926,0,0,0
CD012661,24013136,0,0,0
CD012661,24021615,0,0,0
CD012661,24026557,0,0,0
CD012661,24026558,0,0,0
CD012661,24034513,0,0,0
CD012661,24037883,0,0,0
CD012661,24039977,0,0,0
CD012661,24043230,0,0,0
CD012661,24043931,0,0,0
CD012661,24048079,0,0,0
CD012661,24049816,0,0,0
CD012661,24055685,0,0,0
CD012661,24057294,0,0,0
CD012661,24062322,0,0,0
CD012661,24062323,0,0,0
CD012661,24062333,0,0,0
CD012661,24064521,0,0,0
CD012661,24070743,0,0,0
CD012661,24070801,0,0,0
CD012661,24075750,0,0,0
CD012661,24076379,0,0,0
CD012661,24080129,0,0,0
CD012661,24083174,1,0,1
CD012661,24083328,0,0,0
CD012661,24088956,0,0,0
CD012661,24089547,0,0,0
CD012661,24090295,0,0,0
CD012661,24090951,0,0,0
CD012661,24093770,0,0,0
CD012661,24094031,0,0,0
CD012661,24099605,0,0,0
CD012661,24100673,0,0,0
CD012661,24101695,0,0,0
CD012661,24101696,0,0,0
CD012661,24102055,0,0,0
CD012661,24103380,0,0,0
CD012661,24103534,0,0,0
CD012661,24106073,0,0,0
CD012661,24111927,0,0,0
CD012661,24115521,0,0,0
CD012661,24120281,0,0,0
CD012661,24126550,0,0,0
CD012661,24130365,0,0,0
CD012661,24130367,0,0,0
CD012661,24130943,0,0,0
CD012661,24131373,0,0,0
CD012661,24133515,0,0,0
CD012661,24135387,1,0,1
CD012661,24135458,0,0,0
CD012661,24140119,0,0,0
CD012661,24147205,1,0,0
CD012661,24148355,0,0,0
CD012661,24154991,0,0,0
CD012661,24172651,0,0,0
CD012661,24175012,0,0,0
CD012661,24176244,0,0,0
CD012661,24176451,0,0,0
CD012661,24178865,0,0,0
CD012661,24180326,0,0,0
CD012661,24193810,0,0,0
CD012661,24195452,0,0,0
CD012661,24195723,0,0,0
CD012661,24198300,0,0,0
CD012661,24212719,0,0,0
CD012661,24215469,0,0,0
CD012661,24223329,0,0,0
CD012661,24229089,0,0,0
CD012661,24236195,0,0,0
CD012661,24236961,0,0,0
CD012661,24237858,0,0,0
CD012661,24238561,0,0,0
CD012661,24238578,0,0,0
CD012661,24243516,0,0,0
CD012661,24244560,0,0,0
CD012661,24246207,0,0,0
CD012661,24247598,0,0,0
CD012661,24251044,0,0,0
CD012661,24251376,0,0,0
CD012661,24251784,0,0,0
CD012661,24255104,0,0,0
CD012661,24255133,0,0,0
CD012661,24259692,0,0,0
CD012661,24271460,0,0,0
CD012661,24273558,0,0,0
CD012661,24274900,0,0,0
CD012661,24285770,0,0,0
CD012661,24286159,0,0,0
CD012661,24295397,0,0,0
CD012661,24297797,0,0,0
CD012661,24298876,0,0,0
CD012661,24299192,0,0,0
CD012661,24330854,0,0,0
CD012661,24334483,0,0,0
CD012661,24338167,0,0,0
CD012661,24340163,0,0,0
CD012661,24340509,0,0,0
CD012661,24344119,0,0,0
CD012661,24348061,0,0,0
CD012661,24350700,0,0,0
CD012661,24353563,0,0,0
CD012661,24353572,0,0,0
CD012661,24354400,0,0,0
CD012661,24355200,1,0,1
CD012661,24355893,0,0,0
CD012661,24356596,0,0,0
CD012661,24360773,0,0,0
CD012661,24366424,0,0,0
CD012661,24367483,0,0,0
CD012661,24382156,0,0,0
CD012661,24385405,0,0,0
CD012661,24393429,0,0,0
CD012661,24396663,0,0,0
CD012661,24405752,0,0,0
CD012661,24416185,0,0,0
CD012661,24418372,0,0,0
CD012661,24423327,0,0,0
CD012661,24423349,0,0,0
CD012661,24430727,0,0,0
CD012661,24432995,0,0,0
CD012661,24445629,0,0,0
CD012661,24453292,0,0,0
CD012661,24455848,0,0,0
CD012661,24456991,0,0,0
CD012661,24458354,0,0,0
CD012661,24458545,0,0,0
CD012661,24459586,0,0,0
CD012661,24461346,0,0,0
CD012661,24464151,0,0,0
CD012661,24465431,0,0,0
CD012661,24466598,0,0,0
CD012661,24471821,0,0,0
CD012661,24473061,0,0,0
CD012661,24491959,0,0,0
CD012661,24510623,0,0,0
CD012661,24521626,0,0,0
CD012661,24528352,0,0,0
CD012661,24529960,1,0,0
CD012661,24530116,0,0,0
CD012661,24530764,0,0,0
CD012661,24531263,0,0,0
CD012661,24532832,0,0,0
CD012661,24534521,0,0,0
CD012661,24550609,0,0,0
CD012661,24551405,0,0,0
CD012661,24554346,0,0,0
CD012661,24558078,0,0,0
CD012661,24563052,0,0,0
CD012661,24564669,0,0,0
CD012661,24566601,0,0,0
CD012661,24567354,0,0,0
CD012661,24569555,0,0,0
CD012661,24569741,0,0,0
CD012661,24569817,0,0,0
CD012661,24574348,0,0,0
CD012661,24574356,0,0,0
CD012661,24577463,0,0,0
CD012661,24577725,0,0,0
CD012661,24582152,1,0,0
CD012661,24584281,0,0,0
CD012661,24585044,0,0,0
CD012661,24588080,0,0,0
CD012661,24589042,0,0,0
CD012661,24595631,0,0,0
CD012661,24608666,0,0,0
CD012661,24609115,0,0,0
CD012661,24609888,0,0,0
CD012661,24618476,0,0,0
CD012661,24619654,0,0,0
CD012661,24625101,0,0,0
CD012661,24627230,0,0,0
CD012661,24627569,0,0,0
CD012661,24627827,0,0,0
CD012661,24628556,0,0,0
CD012661,24628558,1,0,0
CD012661,24629410,0,0,0
CD012661,24630763,0,0,0
CD012661,24630792,0,0,0
CD012661,24639086,0,0,0
CD012661,24640810,0,0,0
CD012661,24646371,0,0,0
CD012661,24649851,0,0,0
CD012661,24656139,0,0,0
CD012661,24658008,0,0,0
CD012661,24660539,0,0,0
CD012661,24661818,0,0,0
CD012661,24667381,0,0,0
CD012661,24668713,0,0,0
CD012661,24671510,0,0,0
CD012661,24671899,0,0,0
CD012661,24673860,0,0,0
CD012661,24674977,0,0,0
CD012661,24675009,0,0,0
CD012661,24676027,0,0,0
CD012661,24676549,0,0,0
CD012661,24678928,0,0,0
CD012661,24679905,0,0,0
CD012661,24685973,0,0,0
CD012661,24687627,0,0,0
CD012661,24690937,0,0,0
CD012661,24696120,0,0,0
CD012661,24703046,1,0,1
CD012661,24703414,0,0,0
CD012661,24705615,0,0,0
CD012661,24710953,0,0,0
CD012661,24716893,0,0,0
CD012661,24725814,0,0,0
CD012661,24729056,0,0,0
CD012661,24729160,0,0,0
CD012661,24733614,0,0,0
CD012661,24740094,0,0,0
CD012661,24743942,0,0,0
CD012661,24744219,0,0,0
CD012661,24750373,0,0,0
CD012661,24750972,0,0,0
CD012661,24760120,0,0,0
CD012661,24761863,0,0,0
CD012661,24769782,0,0,0
CD012661,24772254,0,0,0
CD012661,24776624,0,0,0
CD012661,24779706,0,0,0
CD012661,24781780,0,0,0
CD012661,24784831,0,0,0
CD012661,24788803,0,0,0
CD012661,24789334,0,0,0
CD012661,24793439,0,0,0
CD012661,24798863,0,0,0
CD012661,24799990,0,0,0
CD012661,24800763,0,0,0
CD012661,24802206,0,0,0
CD012661,24802730,0,0,0
CD012661,24812087,0,0,0
CD012661,24812434,0,0,0
CD012661,24816865,0,0,0
CD012661,24821738,0,0,0
CD012661,24823979,0,0,0
CD012661,24823981,0,0,0
CD012661,24824210,0,0,0
CD012661,24832870,0,0,0
CD012661,24840509,0,0,0
CD012661,24843430,1,0,1
CD012661,24843466,0,0,0
CD012661,24843514,1,0,1
CD012661,24843558,0,0,0
CD012661,24843636,0,0,0
CD012661,24843678,0,0,0
CD012661,24859912,0,0,0
CD012661,24880234,0,0,0
CD012661,24880620,0,0,0
CD012661,24884694,0,0,0
CD012661,24884794,0,0,0
CD012661,24886443,0,0,0
CD012661,24886453,0,0,0
CD012661,24887092,0,0,0
CD012661,24890070,0,0,0
CD012661,24893290,0,0,0
CD012661,24893825,0,0,0
CD012661,24897110,0,0,0
CD012661,24899137,0,0,0
CD012661,24899464,0,0,0
CD012661,24907170,0,0,0
CD012661,24909487,0,0,0
CD012661,24910196,0,0,0
CD012661,24913327,0,0,0
CD012661,24918531,0,0,0
CD012661,24921653,0,0,0
CD012661,24923289,0,0,0
CD012661,24929955,0,0,0
CD012661,24930645,0,0,0
CD012661,24930714,0,0,0
CD012661,24934236,0,0,0
CD012661,24936125,0,0,0
CD012661,24937172,0,0,0
CD012661,24939931,0,0,0
CD012661,24947788,0,0,0
CD012661,24951039,0,0,0
CD012661,24953246,0,0,0
CD012661,24955167,0,0,0
CD012661,24955334,0,0,0
CD012661,24963748,0,0,0
CD012661,24966096,0,0,0
CD012661,24967192,0,0,0
CD012661,24968966,0,0,0
CD012661,24969574,0,0,0
CD012661,24972524,0,0,0
CD012661,24975463,0,0,0
CD012661,24981162,0,0,0
CD012661,24988213,0,0,0
CD012661,24990094,0,0,0
CD012661,24993355,0,0,0
CD012661,24993381,0,0,0
CD012661,24996234,0,0,0
CD012661,24998161,0,0,0
CD012661,25003073,0,0,0
CD012661,25003225,0,0,0
CD012661,25011085,0,0,0
CD012661,25011647,0,0,0
CD012661,25011962,0,0,0
CD012661,25019345,0,0,0
CD012661,25022941,0,0,0
CD012661,25024596,0,0,0
CD012661,25025218,0,0,0
CD012661,25029421,0,0,0
CD012661,25030557,0,0,0
CD012661,25034542,0,0,0
CD012661,25042896,0,0,0
CD012661,25043455,0,0,0
CD012661,25047354,0,0,0
CD012661,25048157,0,0,0
CD012661,25053467,0,0,0
CD012661,25053714,0,0,0
CD012661,25053801,0,0,0
CD012661,25065077,0,0,0
CD012661,25070680,0,0,0
CD012661,25079862,0,0,0
CD012661,25080892,0,0,0
CD012661,25083720,0,0,0
CD012661,25092484,0,0,0
CD012661,25092614,0,0,0
CD012661,25092966,0,0,0
CD012661,25093755,1,0,0
CD012661,25097598,0,0,0
CD012661,25099524,0,0,0
CD012661,25102425,0,0,0
CD012661,25102450,0,0,0
CD012661,25103544,0,0,0
CD012661,25111858,0,0,0
CD012661,25113383,0,0,0
CD012661,25125339,0,0,0
CD012661,25131451,1,0,1
CD012661,25132119,0,0,0
CD012661,25132139,0,0,0
CD012661,25136964,0,0,0
CD012661,25142791,0,0,0
CD012661,25147256,0,0,0
CD012661,25148810,0,0,0
CD012661,25149362,0,0,0
CD012661,25151065,0,0,0
CD012661,25151226,0,0,0
CD012661,25153557,0,0,0
CD012661,25153561,0,0,0
CD012661,25155419,0,0,0
CD012661,25163987,0,0,0
CD012661,25170851,0,0,0
CD012661,25175618,0,0,0
CD012661,25177478,0,0,0
CD012661,25192945,0,0,0
CD012661,25195497,0,0,0
CD012661,25199520,0,0,0
CD012661,25201047,0,0,0
CD012661,25202985,0,0,0
CD012661,25205139,0,0,0
CD012661,25208757,0,0,0
CD012661,25215305,1,0,1
CD012661,25216506,0,0,0
CD012661,25216509,0,0,0
CD012661,25220612,0,0,0
CD012661,25227943,0,0,0
CD012661,25228926,0,0,0
CD012661,25230915,0,0,0
CD012661,25245975,1,0,1
CD012661,25250050,0,0,0
CD012661,25250942,0,0,0
CD012661,25261439,0,0,0
CD012661,25262255,0,0,0
CD012661,25274393,0,0,0
CD012661,25276668,0,0,0
CD012661,25285769,0,0,0
CD012661,25286453,0,0,0
CD012661,25286468,0,0,0
CD012661,25289645,0,0,0
CD012661,25292440,1,0,0
CD012661,25301086,0,0,0
CD012661,25304835,0,0,0
CD012661,25316435,0,0,0
CD012661,25325881,0,0,0
CD012661,25328520,0,0,0
CD012661,25333214,0,0,0
CD012661,25336181,0,0,0
CD012661,25336746,0,0,0
CD012661,25344766,0,0,0
CD012661,25344793,0,0,0
CD012661,25347072,0,0,0
CD012661,25350747,0,0,0
CD012661,25350916,1,0,1
CD012661,25351905,0,0,0
CD012661,25352076,0,0,0
CD012661,25352653,0,0,0
CD012661,25356430,0,0,0
CD012661,25361884,0,0,0
CD012661,25370350,0,0,0
CD012661,25377171,0,0,0
CD012661,25381349,0,0,0
CD012661,25386190,0,0,0
CD012661,25387451,0,0,0
CD012661,25393737,0,0,0
CD012661,25395497,0,0,0
CD012661,25398694,0,0,0
CD012661,25400886,0,0,0
CD012661,25410218,0,0,0
CD012661,25410297,0,0,0
CD012661,25412060,0,0,0
CD012661,25412591,0,0,0
CD012661,25414153,0,0,0
CD012661,25423564,0,0,0
CD012661,25431283,0,0,0
CD012661,25434420,0,0,0
CD012661,25436938,0,0,0
CD012661,25439000,0,0,0
CD012661,25439660,0,0,0
CD012661,25443454,0,0,0
CD012661,25444086,0,0,0
CD012661,25444890,1,0,0
CD012661,25445150,0,0,0
CD012661,25458324,0,0,0
CD012661,25458326,0,0,0
CD012661,25458340,0,0,0
CD012661,25459085,0,0,0
CD012661,25464681,0,0,0
CD012661,25467626,0,0,0
CD012661,25469524,0,0,0
CD012661,25470641,0,0,0
CD012661,25470760,0,0,0
CD012661,25473827,0,0,0
CD012661,25477191,0,0,0
CD012661,25481119,0,0,0
CD012661,25484596,0,0,0
CD012661,25485761,0,0,0
CD012661,25487289,0,0,0
CD012661,25489302,0,0,0
CD012661,25499940,0,0,0
CD012661,25500370,0,0,0
CD012661,25501605,0,0,0
CD012661,25502582,0,0,0
CD012661,25503445,0,0,0
CD012661,25512005,0,0,0
CD012661,25516316,0,0,0
CD012661,25521346,0,0,0
CD012661,25524770,0,0,0
CD012661,25532038,0,0,0
CD012661,25533903,0,0,0
CD012661,25541606,0,0,0
CD012661,25547549,0,0,0
CD012661,25552659,0,0,0
CD012661,25554069,0,0,0
CD012661,25557926,0,0,0
CD012661,25558032,0,0,0
CD012661,25559614,0,0,0
CD012661,25560535,0,0,0
CD012661,25561089,0,0,0
CD012661,25562265,0,0,0
CD012661,25562486,0,0,0
CD012661,25565662,0,0,0
CD012661,25570491,0,0,0
CD012661,25572763,0,0,0
CD012661,25573878,0,0,0
CD012661,25576672,0,0,0
CD012661,25579484,0,0,0
CD012661,25584206,0,0,0
CD012661,25585379,0,0,0
CD012661,25588858,0,0,0
CD012661,25589479,0,0,0
CD012661,25589534,0,0,0
CD012661,25594278,0,0,0
CD012661,25594838,1,0,0
CD012661,25595961,0,0,0
CD012661,25598256,0,0,0
CD012661,25603459,0,0,0
CD012661,25604171,1,0,0
CD012661,25604720,0,0,0
CD012661,25609029,0,0,0
CD012661,25609990,0,0,0
CD012661,25611567,0,0,0
CD012661,25614249,0,0,0
CD012661,25616278,0,0,0
CD012661,25616706,0,0,0
CD012661,25624343,1,0,0
CD012661,25628235,0,0,0
CD012661,25630525,0,0,0
CD012661,25632607,0,0,0
CD012661,25633555,0,0,0
CD012661,25633821,0,0,0
CD012661,25634253,0,0,0
CD012661,25636369,0,0,0
CD012661,25641399,0,0,0
CD012661,25643742,0,0,0
CD012661,25649910,0,0,0
CD012661,25651746,0,0,0
CD012661,25654752,0,0,0
CD012661,25659638,0,0,0
CD012661,25664181,0,0,0
CD012661,25664182,0,0,0
CD012661,25665810,0,0,0
CD012661,25669846,0,0,0
CD012661,25670243,0,0,0
CD012661,25674558,0,0,0
CD012661,25684506,0,0,0
CD012661,25685289,0,0,0
CD012661,25690405,0,0,0
CD012661,25697889,0,0,0
CD012661,25698476,0,0,0
CD012661,25709467,0,0,0
CD012661,25710920,0,0,0
CD012661,25724570,0,0,0
CD012661,25726333,0,0,0
CD012661,25728823,0,0,0
CD012661,25732030,0,0,0
CD012661,25734801,0,0,0
CD012661,25736187,0,0,0
CD012661,25741874,0,0,0
CD012661,25742535,0,0,0
CD012661,25742958,0,0,0
CD012661,25744700,0,0,0
CD012661,25748767,0,0,0
CD012661,25755232,0,0,0
CD012661,25759458,0,0,0
CD012661,25766034,0,0,0
CD012661,25767718,0,0,0
CD012661,25770690,0,0,0
CD012661,25771523,0,0,0
CD012661,25772954,0,0,0
CD012661,25774253,0,0,0
CD012661,25775165,0,0,0
CD012661,25775375,1,0,0
CD012661,25779866,0,0,0
CD012661,25785633,0,0,0
CD012661,25785731,0,0,0
CD012661,25786088,0,0,0
CD012661,25791940,0,0,0
CD012661,25792287,0,0,0
CD012661,25805711,0,0,0
CD012661,25809300,0,0,0
CD012661,25810022,0,0,0
CD012661,25816908,0,0,0
CD012661,25818923,0,0,0
CD012661,25823651,0,0,0
CD012661,25825043,0,0,0
CD012661,25828915,0,0,0
CD012661,25832931,0,0,0
CD012661,25833969,0,0,0
CD012661,25841589,0,0,0
CD012661,25851542,0,0,0
CD012661,25853519,1,0,0
CD012661,25854289,0,0,0
CD012661,25855488,0,0,0
CD012661,25861810,0,0,0
CD012661,25861848,0,0,0
CD012661,25861921,0,0,0
CD012661,25862692,0,0,0
CD012661,25863515,0,0,0
CD012661,25866760,0,0,0
CD012661,25867111,0,0,0
CD012661,25870586,0,0,0
CD012661,25874454,0,0,0
CD012661,25874867,0,0,0
CD012661,25874871,0,0,0
CD012661,25875738,0,0,0
CD012661,25875773,0,0,0
CD012661,25877139,0,0,0
CD012661,25879672,0,0,0
CD012661,25882767,0,0,0
CD012661,25887355,0,0,0
CD012661,25889483,0,0,0
CD012661,25894024,0,0,0
CD012661,25897416,0,0,0
CD012661,25902652,0,0,0
CD012661,25906786,0,0,0
CD012661,25915398,0,0,0
CD012661,25929925,0,0,0
CD012661,25931039,0,0,0
CD012661,25932396,0,0,0
CD012661,25933028,0,0,0
CD012661,25936731,0,0,0
CD012661,25941645,0,0,0
CD012661,25941657,0,0,0
CD012661,25950008,0,0,0
CD012661,25958099,0,0,0
CD012661,25958125,0,0,0
CD012661,25960777,0,0,0
CD012661,25961500,0,0,0
CD012661,25962707,1,0,1
CD012661,25964053,0,0,0
CD012661,25968063,0,0,0
CD012661,25968955,0,0,0
CD012661,25969716,0,0,0
CD012661,25975731,0,0,0
CD012661,25976519,0,0,0
CD012661,25976908,0,0,0
CD012661,25979978,0,0,0
CD012661,25981645,0,0,0
CD012661,25986611,0,0,0
CD012661,26000562,0,0,0
CD012661,26002020,0,0,0
CD012661,26002923,0,0,0
CD012661,26015559,0,0,0
CD012661,26015936,0,0,0
CD012661,26017789,0,0,0
CD012661,26018950,0,0,0
CD012661,26020947,0,0,0
CD012661,26022911,0,0,0
CD012661,26024244,0,0,0
CD012661,26026782,0,0,0
CD012661,26028383,0,0,0
CD012661,26032644,0,0,0
CD012661,26045531,0,0,0
CD012661,26049659,0,0,0
CD012661,26064114,0,0,0
CD012661,26066406,0,0,0
CD012661,26068179,0,0,0
CD012661,26078977,0,0,0
CD012661,26080650,0,0,0
CD012661,26089157,0,0,0
CD012661,26089691,0,0,0
CD012661,26091928,0,0,0
CD012661,26095435,0,0,0
CD012661,26098901,0,0,0
CD012661,26101367,0,0,0
CD012661,26107424,0,0,0
CD012661,26111860,0,0,0
CD012661,26116207,1,0,0
CD012661,26126077,0,0,0
CD012661,26126638,0,0,0
CD012661,26130045,0,0,0
CD012661,26130760,0,0,0
CD012661,26132208,0,0,0
CD012661,26137652,0,0,0
CD012661,26137802,0,0,0
CD012661,26143642,0,0,0
CD012661,26147402,1,0,0
CD012661,26148094,0,0,0
CD012661,26148703,0,0,0
CD012661,26153272,0,0,0
CD012661,26153338,0,0,0
CD012661,26156515,0,0,0
CD012661,26156527,0,0,0
CD012661,26156528,0,0,0
CD012661,26157582,1,0,0
CD012661,26157583,0,0,0
CD012661,26158608,0,0,0
CD012661,26164092,0,0,0
CD012661,26167206,0,0,0
CD012661,26172529,0,0,0
CD012661,26173867,0,0,0
CD012661,26174313,0,0,0
CD012661,26176802,0,0,0
CD012661,26178590,0,0,0
CD012661,26179758,0,0,0
CD012661,26201008,0,0,0
CD012661,26202050,0,0,0
CD012661,26206092,0,0,0
CD012661,26210422,1,0,0
CD012661,26210623,0,0,0
CD012661,26220259,0,0,0
CD012661,26220868,0,0,0
CD012661,26227192,0,0,0
CD012661,26234637,0,0,0
CD012661,26236548,0,0,0
CD012661,26240958,0,0,0
CD012661,26243552,0,0,0
CD012661,26245339,0,0,0
CD012661,26246595,0,0,0
CD012661,26261886,0,0,0
CD012661,26265747,0,0,0
CD012661,26266391,0,0,0
CD012661,26266799,0,0,0
CD012661,26268057,0,0,0
CD012661,26269002,0,0,0
CD012661,26273669,0,0,0
CD012661,26275375,0,0,0
CD012661,26285575,0,0,0
CD012661,26290049,0,0,0
CD012661,26293059,0,0,0
CD012661,26293146,0,0,0
CD012661,26301192,0,0,0
CD012661,26303403,0,0,0
CD012661,26314829,0,0,0
CD012661,26322159,0,0,0
CD012661,26322184,0,0,0
CD012661,26331328,0,0,0
CD012661,26334876,0,0,0
CD012661,26343077,0,0,0
CD012661,26349840,0,0,0
CD012661,26353421,0,0,0
CD012661,26355268,0,0,0
CD012661,26356162,0,0,0
CD012661,26359221,0,0,0
CD012661,26363801,0,0,0
CD012661,26364621,0,0,0
CD012661,26366287,0,0,0
CD012661,26369690,0,0,0
CD012661,26377494,0,0,0
CD012661,26379958,0,0,0
CD012661,26380227,0,0,0
CD012661,26382578,0,0,0
CD012661,26385505,0,0,0
CD012661,26390278,0,0,0
CD012661,26398151,0,0,0
CD012661,26398489,0,0,0
CD012661,26403249,0,0,0
CD012661,26404926,0,0,0
CD012661,26407933,1,0,0
CD012661,26408015,0,0,0
CD012661,26409707,1,0,0
CD012661,26411993,0,0,0
CD012661,26413295,0,0,0
CD012661,26416285,0,0,0
CD012661,26417659,0,0,0
CD012661,26428521,0,0,0
CD012661,26430576,0,0,0
CD012661,26437275,0,0,0
CD012661,26440458,0,0,0
CD012661,26442222,0,0,0
CD012661,26445602,0,0,0
CD012661,26448033,0,0,0
CD012661,26463885,0,0,0
CD012661,26466221,0,0,0
CD012661,26468399,0,0,0
CD012661,26472574,0,0,0
CD012661,26473900,0,0,0
CD012661,26473975,0,0,0
CD012661,26476429,0,0,0
CD012661,26482027,0,0,0
CD012661,26483103,0,0,0
CD012661,26486189,0,0,0
CD012661,26486450,0,0,0
CD012661,26486974,0,0,0
CD012661,26494020,0,0,0
CD012661,26499966,0,0,0
CD012661,26511332,0,0,0
CD012661,26514089,0,0,0
CD012661,26518684,0,0,0
CD012661,26520045,0,0,0
CD012661,26524706,0,0,0
CD012661,26524902,0,0,0
CD012661,26530718,0,0,0
CD012661,26531321,0,0,0
CD012661,26538615,0,0,0
CD012661,26542500,0,0,0
CD012661,26542534,0,0,0
CD012661,26543827,0,0,0
CD012661,26544725,0,0,0
CD012661,26547140,0,0,0
CD012661,26547408,0,0,0
CD012661,26549287,0,0,0
CD012661,26554109,0,0,0
CD012661,26554779,0,0,0
CD012661,26554799,0,0,0
CD012661,26557226,0,0,0
CD012661,26564131,0,0,0
CD012661,26565781,0,0,0
CD012661,26567810,0,0,0
CD012661,26569122,0,0,0
CD012661,26572532,0,0,0
CD012661,26574753,0,0,0
CD012661,26575606,1,0,1
CD012661,26575859,0,0,0
CD012661,26577716,0,0,0
CD012661,26577796,0,0,0
CD012661,26577885,0,0,0
CD012661,26578253,0,0,0
CD012661,26585369,0,0,0
CD012661,26596523,0,0,0
CD012661,26597211,0,0,0
CD012661,26602074,0,0,0
CD012661,26602114,0,0,0
CD012661,26604281,0,0,0
CD012661,26606421,1,0,1
CD012661,26608429,0,0,0
CD012661,26610531,0,0,0
CD012661,26610595,0,0,0
CD012661,26616596,0,0,0
CD012661,26616842,0,0,0
CD012661,26617895,0,0,0
CD012661,26620391,0,0,0
CD012661,26625333,0,0,0
CD012661,26639039,0,0,0
CD012661,26643952,0,0,0
CD012661,26645204,0,0,0
CD012661,26647151,1,0,0
CD012661,26656292,0,0,0
CD012661,26657725,0,0,0
CD012661,26658458,0,0,0
CD012661,26663986,0,0,0
CD012661,26668311,0,0,0
CD012661,26675051,1,0,1
CD012661,26676334,0,0,0
CD012661,26681712,0,0,0
CD012661,26685993,0,0,0
CD012661,26687699,0,0,0
CD012661,26689624,0,0,0
CD012661,26696655,0,0,0
CD012661,26701341,0,0,0
CD012661,26714019,0,0,0
CD012661,26716684,0,0,0
CD012661,26717211,0,0,0
CD012661,26720707,0,0,0
CD012661,26729021,0,0,0
CD012661,26730168,0,0,0
CD012661,26732017,0,0,0
CD012661,26738376,0,0,0
CD012661,26739253,0,0,0
CD012661,26740346,0,0,0
CD012661,26744126,0,0,0
CD012661,26745612,0,0,0
CD012661,26749117,0,0,0
CD012661,26753206,0,0,0
CD012661,26754626,0,0,0
CD012661,26758477,0,0,0
CD012661,26759114,0,0,0
CD012661,26759608,0,0,0
CD012661,26764014,0,0,0
CD012661,26764316,0,0,0
CD012661,26770593,0,0,0
CD012661,26773871,0,0,0
CD012661,26773930,0,0,0
CD012661,26774791,0,0,0
CD012661,26775764,0,0,0
CD012661,26781921,0,0,0
CD012661,26786291,0,0,0
CD012661,26794646,0,0,0
CD012661,26797220,0,0,0
CD012661,26802220,0,0,0
CD012661,26807136,0,0,0
CD012661,26811295,0,0,0
CD012661,26818011,0,0,0
CD012661,26819426,0,0,0
CD012661,26819459,0,0,0
CD012661,26821795,0,0,0
CD012661,26825592,0,0,0
CD012661,26826773,0,0,0
CD012661,26828784,0,0,0
CD012661,26829443,0,0,0
CD012661,26832340,0,0,0
CD012661,26833744,0,0,0
CD012661,26839444,0,0,0
CD012661,26839875,0,0,0
CD012661,26840185,0,0,0
CD012661,26845318,0,0,0
CD012661,26849203,0,0,0
CD012661,26853192,0,0,0
CD012661,26854799,0,0,0
CD012661,26861946,0,0,0
CD012661,26863425,0,0,0
CD012661,26865153,0,0,0
CD012661,26867584,0,0,0
CD012661,26871995,1,0,0
CD012661,26884286,0,0,0
CD012661,26885316,0,0,0
CD012661,26886599,0,0,0
CD012661,26888215,0,0,0
CD012661,26892461,0,0,0
CD012661,26892584,0,0,0
CD012661,26893942,0,0,0
CD012661,26894100,0,0,0
CD012661,26895792,0,0,0
CD012661,26896340,0,0,0
CD012661,26898598,0,0,0
CD012661,26902672,0,0,0
CD012661,26908915,0,0,0
CD012661,26910741,0,0,0
CD012661,26911293,0,0,0
CD012661,26918555,0,0,0
CD012661,26923508,0,0,0
CD012661,26924520,0,0,0
CD012661,26925237,0,0,0
CD012661,26927312,0,0,0
CD012661,26928427,0,0,0
CD012661,26930724,0,0,0
CD012661,26938991,0,0,0
CD012661,26939721,0,0,0
CD012661,26944386,0,0,0
CD012661,26945091,0,0,0
CD012661,26946489,0,0,0
CD012661,26950197,0,0,0
CD012661,26953170,0,0,0
CD012661,26956443,0,0,0
CD012661,26965720,0,0,0
CD012661,26968879,0,0,0
CD012661,26972958,0,0,0
CD012661,26974509,0,0,0
CD012661,26976878,0,0,0
CD012661,26979767,0,0,0
CD012661,26981543,0,0,0
CD012661,26982604,0,0,0
CD012661,26983644,0,0,0
CD012661,26986124,0,0,0
CD012661,26989697,0,0,0
CD012661,26991329,1,0,0
CD012661,26996526,0,0,0
CD012661,26997281,0,0,0
CD012661,26997583,0,0,0
CD012661,27005508,0,0,0
CD012661,27007680,0,0,0
CD012661,27012160,0,0,0
CD012661,27017290,0,0,0
CD012661,27022346,0,0,0
CD012661,27028025,0,0,0
CD012661,27029423,0,0,0
CD012661,27035920,0,0,0
CD012661,27038718,0,0,0
CD012661,27042277,0,0,0
CD012661,27044508,0,0,0
CD012661,27045572,0,0,0
CD012661,27050468,0,0,0
CD012661,27055961,0,0,0
CD012661,27056389,0,0,0
CD012661,27060004,0,0,0
CD012661,27065313,0,0,0
CD012661,27067350,0,0,0
CD012661,27068269,0,0,0
CD012661,27068705,0,0,0
CD012661,27071648,0,0,0
CD012661,27085783,0,0,0
CD012661,27088372,0,0,0
CD012661,27101131,0,0,0
CD012661,27102023,0,0,0
CD012661,27103269,0,0,0
CD012661,27103564,0,0,0
CD012661,27107818,0,0,0
CD012661,27108145,0,0,0
CD012661,27108153,0,0,0
CD012661,27110367,0,0,0
CD012661,27126310,0,0,0
CD012661,27133398,0,0,0
CD012661,27138965,0,0,0
CD012661,27141571,0,0,0
CD012661,27148900,0,0,0
CD012661,27162351,0,0,0
CD012661,27167462,0,0,0
CD012661,27170793,0,0,0
CD012661,27175711,0,0,0
CD012661,27181604,0,0,0
CD012661,27184300,0,0,0
CD012661,27185609,0,0,0
CD012661,27186858,0,0,0
CD012661,27190084,0,0,0
CD012661,27193175,1,0,0
CD012661,27194386,0,0,0
CD012661,27194465,0,0,0
CD012661,27197107,0,0,0
CD012661,27206478,0,0,0
CD012661,27207532,0,0,0
CD012661,27208321,0,0,0
CD012661,27208342,0,0,0
CD012661,27208374,0,0,0
CD012661,27208380,0,0,0
CD012661,27211911,0,0,0
CD012661,27214060,0,0,0
CD012661,27215769,0,0,0
CD012661,27217727,0,0,0
CD012661,27222188,0,0,0
CD012661,27226388,0,0,0
CD012661,27239314,0,0,0
CD012661,27239315,1,0,1
CD012661,27255749,0,0,0
CD012661,27262236,0,0,0
CD012661,27273908,1,0,0
CD012661,27277323,0,0,0
CD012661,27279250,0,0,0
CD012661,27282867,0,0,0
CD012661,27286816,0,0,0
CD012661,27295278,0,0,0
CD012661,27298332,0,0,0
CD012661,27306893,0,0,0
CD012661,27311686,0,0,0
CD012661,27314527,0,0,0
CD012661,27320476,0,0,0
CD012661,27323578,0,0,0
CD012661,27336309,0,0,0
CD012661,27340186,0,0,0
CD012661,27345773,0,0,0
CD012661,27353285,0,0,0
CD012661,27355230,0,0,0
CD012661,27368062,1,0,1
CD012661,27382009,0,0,0
CD012661,27382575,0,0,0
CD012661,27398023,0,0,0
CD012661,27399115,0,0,0
CD012661,27399351,0,0,0
CD012661,27401368,0,0,0
CD012661,27406115,0,0,0
CD012661,27406163,1,0,0
CD012661,27406814,0,0,0
CD012661,27409822,0,0,0
CD012661,27411697,0,0,0
CD012661,27415404,0,0,0
CD012661,27421729,0,0,0
CD012661,27424108,0,0,0
CD012661,27431507,0,0,0
CD012661,27432033,0,0,0
CD012661,27433996,0,0,0
CD012661,27434443,0,0,0
CD012661,27434726,0,0,0
CD012661,27437997,0,0,0
CD012661,27447811,0,0,0
CD012661,27448469,0,0,0
CD012661,27450685,0,0,0
CD012661,27450948,0,0,0
CD012661,27451413,0,0,0
CD012661,27452137,0,0,0
CD012661,27453438,0,0,0
CD012661,27453733,0,0,0
CD012661,27459384,1,0,1
CD012661,27474112,0,0,0
CD012661,27476051,0,0,0
CD012661,27478003,0,0,0
CD012661,27478850,0,0,0
CD012661,27479926,0,0,0
CD012661,27480523,0,0,0
CD012661,27491324,0,0,0
CD012661,27494527,0,0,0
CD012661,27500952,0,0,0
CD012661,27503405,0,0,0
CD012661,27503406,0,0,0
CD012661,27504014,0,0,0
CD012661,27506746,0,0,0
CD012661,27508320,0,0,0
CD012661,27515296,0,0,0
CD012661,27515716,1,0,1
CD012661,27515749,1,0,1
CD012661,27517947,0,0,0
CD012661,27523099,0,0,0
CD012661,27525365,0,0,0
CD012661,27531720,0,0,0
CD012661,27537245,0,0,0
CD012661,27543801,1,0,1
CD012661,27544907,0,0,0
CD012661,27548654,0,0,0
CD012661,27548712,0,0,0
CD012661,27568669,0,0,0
CD012661,27570622,0,0,0
CD012661,27575529,1,0,0
CD012661,27585671,0,0,0
CD012661,27588439,0,0,0
CD012661,27588935,0,0,0
CD012661,27590899,0,0,0
CD012661,27591826,0,0,0
CD012661,27594186,0,0,0
CD012661,27596059,1,0,1
CD012661,27602506,0,0,0
CD012661,27610083,0,0,0
CD012661,27613110,0,0,0
CD012661,27613337,0,0,0
CD012661,27614279,0,0,0
CD012661,27614854,0,0,0
CD012661,27615262,0,0,0
CD012661,27632534,0,0,0
CD012661,27633645,0,0,0
CD012661,27641081,0,0,0
CD012661,27647178,0,0,0
CD012661,27656045,0,0,0
CD012661,27663115,1,0,0
CD012661,27663631,0,0,0
CD012661,27665253,0,0,0
CD012661,27667744,0,0,0
CD012661,27672077,0,0,0
CD012661,27676466,0,0,0
CD012661,27678264,0,0,0
CD012661,27678442,0,0,0
CD012661,27699627,0,0,0
CD012661,27699688,0,0,0
CD012661,27710985,0,0,0
CD012661,27729362,0,0,0
CD012661,27730354,0,0,0
CD012661,27730378,0,0,0
CD012661,27733369,0,0,0
CD012661,27740930,1,0,1
CD012661,27741980,0,0,0
CD012661,27749572,1,0,1
CD012661,27755543,0,0,0
CD012661,27756478,0,0,0
CD012661,27760418,0,0,0
CD012661,27763574,0,0,0
CD012661,27769710,0,0,0
CD012661,27770590,0,0,0
CD012661,27777960,0,0,0
CD012661,27781209,0,0,0
CD012661,27787621,0,0,0
CD012661,27793100,0,0,0
CD012661,27798516,0,0,0
CD012661,27801413,0,0,0
CD012661,27807599,0,0,0
CD012661,27807924,0,0,0
CD012661,27810612,0,0,0
CD012661,27810987,1,0,1
CD012661,27816956,0,0,0
CD012661,27818377,0,0,0
CD012661,27828003,0,0,0
CD012661,27829526,0,0,0
CD012661,27834062,0,0,0
CD012661,27861432,0,0,0
CD012661,27870948,0,0,0
CD012661,27871427,0,0,0
CD012661,27879180,0,0,0
CD012661,27881363,0,0,0
CD012661,27892636,0,0,0
CD012661,27894278,0,0,0
CD012661,27896658,0,0,0
CD012661,27899494,0,0,0
CD012661,27914881,0,0,0
CD012661,27916259,0,0,0
CD012661,27917464,0,0,0
CD012661,27919159,0,0,0
CD012661,27923630,0,0,0
CD012661,27928145,0,0,0
CD012661,27930591,0,0,0
CD012661,27933333,1,0,1
CD012661,27939525,0,0,0
CD012661,27940375,0,0,0
CD012661,27956225,0,0,0
CD012661,27965206,0,0,0
CD012661,27986796,0,0,0
CD012661,27993166,0,0,0
CD012661,27999110,0,0,0
CD012661,27999139,0,0,0
CD012661,28002036,0,0,0
CD012661,28004008,1,0,1
CD012661,28018105,0,0,0
CD012661,28025127,0,0,0
CD012661,28026908,0,0,0
CD012661,28040833,0,0,0
CD012661,28043048,1,0,1
CD012661,28050765,0,0,0
CD012661,28057658,0,0,0
CD012661,28060789,0,0,0
CD012661,28061844,0,0,0
CD012661,28081449,1,0,0
CD012661,28087508,0,0,0
CD012661,28089808,0,0,0
CD012661,28090538,0,0,0
CD012661,28090540,0,0,0
CD012661,28095965,0,0,0
CD012661,28108537,1,0,1
CD012661,28110289,0,0,0
CD012661,28111980,0,0,0
CD012661,28116667,0,0,0
CD012661,28121176,0,0,0
CD012661,28122839,0,0,0
CD012661,28124259,0,0,0
CD012661,28131651,1,0,0
CD012661,28139554,0,0,0
CD012661,28143422,0,0,0
CD012661,28143481,1,0,1
CD012661,28151855,0,0,0
CD012661,28154279,0,0,0
CD012661,28158221,0,0,0
CD012661,28164494,0,0,0
CD012661,28168204,0,0,0
CD012661,28174798,0,0,0
CD012661,28177726,0,0,0
CD012661,28178313,0,0,0
CD012661,28179465,0,0,0
CD012661,28187151,1,0,0
CD012661,28195942,0,0,0
CD012661,28196511,0,0,0
CD012661,28196649,0,0,0
CD012661,28213373,0,0,0
CD012661,28214668,0,0,0
CD012661,28216543,0,0,0
CD012661,28223299,0,0,0
CD012661,28224192,1,0,0
CD012661,28230458,0,0,0
CD012661,28242436,0,0,0
CD012661,28249170,0,0,0
CD012661,28255009,0,0,0
CD012661,28258257,1,0,0
CD012661,28258520,1,0,1
CD012661,28259008,1,0,0
CD012661,28259644,0,0,0
CD012661,28273173,0,0,0
CD012661,28274522,0,0,0
CD012661,28274728,0,0,0
CD012661,28276790,0,0,0
CD012661,28278309,1,0,1
CD012661,28288985,0,0,0
CD012661,28292480,0,0,0
CD012661,28293638,0,0,0
CD012661,28298255,0,0,0
CD012661,28301565,0,0,0
CD012661,28304331,0,0,0
CD012661,28323968,0,0,0
CD012661,28324002,1,0,0
CD012661,28325022,0,0,0
CD012661,28327140,0,0,0
CD012661,28335787,0,0,0
CD012661,28345542,0,0,0
CD012661,28352981,0,0,0
CD012661,28356069,0,0,0
CD012661,28371687,1,0,1
CD012661,28372564,0,0,0
CD012661,28394951,1,0,1
CD012661,28400430,1,0,0
CD012661,28403169,0,0,0
CD012661,28404659,0,0,0
CD012661,28406435,0,0,0
CD012661,28407784,0,0,0
CD012661,28412822,0,0,0
CD012661,28414819,0,0,0
CD012661,28416099,0,0,0
CD012661,28420105,0,0,0
CD012661,28422560,0,0,0
CD012661,28426339,0,0,0
CD012661,28426788,0,0,0
CD012661,28432895,0,0,0
CD012661,28432897,0,0,0
CD012661,28445316,0,0,0
CD012661,28454835,0,0,0
CD012661,28471967,0,0,0
CD012661,28476766,0,0,0
CD012661,28487136,0,0,0
CD012661,28489279,0,0,0
CD012661,28511905,0,0,0
CD012661,28520813,0,0,0
CD012661,28526024,0,0,0
CD012661,28529199,0,0,0
CD012661,28541544,0,0,0
CD012661,28556866,0,0,0
CD012661,28577138,0,0,0
CD012661,28577673,0,0,0
CD012661,28591149,0,0,0
CD012661,28592525,0,0,0
CD012661,28601670,0,0,0
CD012661,28611053,1,0,0
CD012661,28621654,0,0,0
CD012661,28632742,1,0,1
CD012661,28634176,0,0,0
CD012661,28654846,0,0,0
CD012661,28686739,0,0,0
CD012661,28700675,0,0,0
CD012661,28704534,0,0,0
CD012661,28712629,0,0,0
CD012661,28735816,1,0,0
CD012661,28740585,0,0,0
CD012661,28743559,0,0,0
CD012661,28746706,0,0,0
CD012661,28756133,0,0,0
CD012661,28757432,0,0,0
CD012661,28767669,0,0,0
CD012661,28768835,1,0,1
CD012661,28805196,0,0,0
CD012661,28811295,1,0,0
CD012661,28811317,0,0,0
CD012661,28819951,0,0,0
CD012661,28842165,0,0,0
CD012661,28842399,0,0,0
CD012661,28854264,0,0,0
CD012661,28885363,0,0,0
CD012661,28898252,1,0,0
CD012661,28910373,0,0,0
CD012661,28941595,1,0,0
CD012661,28953643,0,0,0
CD012661,28958344,0,0,0
CD012661,28972979,0,0,0
CD012661,28993156,0,0,0
CD012661,29029196,0,0,0
CD012661,29040204,0,0,0
CD012661,29052439,0,0,0
CD012661,29063207,0,0,0
CD012661,29074437,0,0,0
CD012661,29113512,0,0,0
CD012661,29135663,0,0,0
CD012661,29135987,1,0,0
CD012661,29137017,0,0,0
CD012661,29200427,0,0,0
CD012661,29205264,0,0,0
CD012661,29384956,0,0,0
